[?2026h[?25l[1Gpulling manifest ⠋ [K[?25h[?2026l[?2026h[?25l[1Gpulling manifest ⠙ [K[?25h[?2026l[?2026h[?25l[1Gpulling manifest ⠹ [K[?25h[?2026l[?2026h[?25l[1Gpulling manifest ⠸ [K[?25h[?2026l[?2026h[?25l[1Gpulling manifest ⠼ [K[?25h[?2026l[?2026h[?25l[1Gpulling manifest ⠴ [K[?25h[?2026l[?2026h[?25l[1Gpulling manifest ⠦ [K[?25h[?2026l[?2026h[?25l[1Gpulling manifest ⠧ [K[?25h[?2026l[?2026h[?25l[1Gpulling manifest ⠇ [K[?25h[?2026l[?2026h[?25l[1Gpulling manifest ⠏ [K[?25h[?2026l[?2026h[?25l[1Gpulling manifest ⠋ [K[?25h[?2026l[?2026h[?25l[1Gpulling manifest ⠙ [K[?25h[?2026l[?2026h[?25l[1Gpulling manifest ⠹ [K[?25h[?2026l[?2026h[?25l[1Gpulling manifest ⠸ [K[?25h[?2026l[?2026h[?25l[1Gpulling manifest ⠼ [K[?25h[?2026l[?2026h[?25l[1Gpulling manifest ⠴ [K[?25h[?2026l[?2026h[?25l[1Gpulling manifest ⠦ [K[?25h[?2026l[?2026h[?25l[1Gpulling manifest ⠧ [K[?25h[?2026l[?2026h[?25l[1Gpulling manifest ⠇ [K[?25h[?2026l[?2026h[?25l[1Gpulling manifest ⠏ [K[?25h[?2026l[?2026h[?25l[1Gpulling manifest ⠋ [K[?25h[?2026l[?2026h[?25l[1Gpulling manifest ⠙ [K[?25h[?2026l[?2026h[?25l[1Gpulling manifest ⠹ [K[?25h[?2026l[?2026h[?25l[1Gpulling manifest ⠸ [K[?25h[?2026l[?2026h[?25l[1Gpulling manifest ⠼ [K[?25h[?2026l[?2026h[?25l[1Gpulling manifest ⠴ [K[?25h[?2026l[?2026h[?25l[1Gpulling manifest ⠦ [K[?25h[?2026l[?2026h[?25l[1Gpulling manifest ⠧ [K[?25h[?2026l[?2026h[?25l[1Gpulling manifest ⠇ [K[?25h[?2026l[?2026h[?25l[1Gpulling manifest ⠏ [K[?25h[?2026l[?2026h[?25l[1Gpulling manifest ⠋ [K[?25h[?2026l[?2026h[?25l[1Gpulling manifest ⠙ [K[?25h[?2026l[?2026h[?25l[1Gpulling manifest ⠹ [K[?25h[?2026l[?2026h[?25l[1Gpulling manifest ⠸ [K[?25h[?2026l[?2026h[?25l[1Gpulling manifest ⠼ [K[?25h[?2026l[?2026h[?25l[1Gpulling manifest ⠴ [K[?25h[?2026l[?2026h[?25l[1Gpulling manifest ⠦ [K[?25h[?2026l[?2026h[?25l[1Gpulling manifest ⠧ [K[?25h[?2026l[?2026h[?25l[1Gpulling manifest ⠇ [K[?25h[?2026l[?2026h[?25l[1Gpulling manifest ⠏ [K[?25h[?2026l[?2026h[?25l[1Gpulling manifest [K
pulling dec52a44569a:   0% ▕                  ▏ 1.0 MB/6.6 GB                  [K[?25h[?2026l[?2026h[?25l[A[1Gpulling manifest [K
pulling dec52a44569a:   0% ▕                  ▏  11 MB/6.6 GB                  [K[?25h[?2026l[?2026h[?25l[A[1Gpulling manifest [K
pulling dec52a44569a:   0% ▕                  ▏  26 MB/6.6 GB                  [K[?25h[?2026l[?2026h[?25l[A[1Gpulling manifest [K
pulling dec52a44569a:   0% ▕                  ▏  32 MB/6.6 GB                  [K[?25h[?2026l[?2026h[?25l[A[1Gpulling manifest [K
pulling dec52a44569a:   1% ▕                  ▏  46 MB/6.6 GB                  [K[?25h[?2026l[?2026h[?25l[A[1Gpulling manifest [K
pulling dec52a44569a:   1% ▕                  ▏  58 MB/6.6 GB                  [K[?25h[?2026l[?2026h[?25l[A[1Gpulling manifest [K
pulling dec52a44569a:   1% ▕                  ▏  64 MB/6.6 GB                  [K[?25h[?2026l[?2026h[?25l[A[1Gpulling manifest [K
pulling dec52a44569a:   1% ▕                  ▏  76 MB/6.6 GB                  [K[?25h[?2026l[?2026h[?25l[A[1Gpulling manifest [K
pulling dec52a44569a:   1% ▕                  ▏  89 MB/6.6 GB                  [K[?25h[?2026l[?2026h[?25l[A[1Gpulling manifest [K
pulling dec52a44569a:   1% ▕                  ▏  95 MB/6.6 GB                  [K[?25h[?2026l[?2026h[?25l[A[1Gpulling manifest [K
pulling dec52a44569a:   2% ▕                  ▏ 108 MB/6.6 GB  107 MB/s    1m0s[K[?25h[?2026l[?2026h[?25l[A[1Gpulling manifest [K
pulling dec52a44569a:   2% ▕                  ▏ 121 MB/6.6 GB  107 MB/s    1m0s[K[?25h[?2026l[?2026h[?25l[A[1Gpulling manifest [K
pulling dec52a44569a:   2% ▕                  ▏ 127 MB/6.6 GB  107 MB/s    1m0s[K[?25h[?2026l[?2026h[?25l[A[1Gpulling manifest [K
pulling dec52a44569a:   2% ▕                  ▏ 140 MB/6.6 GB  107 MB/s    1m0s[K[?25h[?2026l[?2026h[?25l[A[1Gpulling manifest [K
pulling dec52a44569a:   2% ▕                  ▏ 154 MB/6.6 GB  107 MB/s     59s[K[?25h[?2026l[?2026h[?25l[A[1Gpulling manifest [K
pulling dec52a44569a:   2% ▕                  ▏ 160 MB/6.6 GB  107 MB/s     59s[K[?25h[?2026l[?2026h[?25l[A[1Gpulling manifest [K
pulling dec52a44569a:   3% ▕                  ▏ 174 MB/6.6 GB  107 MB/s     59s[K[?25h[?2026l[?2026h[?25l[A[1Gpulling manifest [K
pulling dec52a44569a:   3% ▕                  ▏ 188 MB/6.6 GB  107 MB/s     59s[K[?25h[?2026l[?2026h[?25l[A[1Gpulling manifest [K
pulling dec52a44569a:   3% ▕                  ▏ 194 MB/6.6 GB  107 MB/s     59s[K[?25h[?2026l[?2026h[?25l[A[1Gpulling manifest [K
pulling dec52a44569a:   3% ▕                  ▏ 207 MB/6.6 GB  107 MB/s     59s[K[?25h[?2026l[?2026h[?25l[A[1Gpulling manifest [K
pulling dec52a44569a:   3% ▕                  ▏ 219 MB/6.6 GB  109 MB/s     58s[K[?25h[?2026l[?2026h[?25l[A[1Gpulling manifest [K
pulling dec52a44569a:   3% ▕                  ▏ 225 MB/6.6 GB  109 MB/s     58s[K[?25h[?2026l[?2026h[?25l[A[1Gpulling manifest [K
pulling dec52a44569a:   4% ▕                  ▏ 239 MB/6.6 GB  109 MB/s     58s[K[?25h[?2026l[?2026h[?25l[A[1Gpulling manifest [K
pulling dec52a44569a:   4% ▕                  ▏ 252 MB/6.6 GB  109 MB/s     58s[K[?25h[?2026l[?2026h[?25l[A[1Gpulling manifest [K
pulling dec52a44569a:   4% ▕                  ▏ 258 MB/6.6 GB  109 MB/s     57s[K[?25h[?2026l[?2026h[?25l[A[1Gpulling manifest [K
pulling dec52a44569a:   4% ▕                  ▏ 271 MB/6.6 GB  109 MB/s     57s[K[?25h[?2026l[?2026h[?25l[A[1Gpulling manifest [K
pulling dec52a44569a:   4% ▕                  ▏ 284 MB/6.6 GB  109 MB/s     57s[K[?25h[?2026l[?2026h[?25l[A[1Gpulling manifest [K
pulling dec52a44569a:   4% ▕                  ▏ 290 MB/6.6 GB  109 MB/s     57s[K[?25h[?2026l[?2026h[?25l[A[1Gpulling manifest [K
pulling dec52a44569a:   5% ▕                  ▏ 304 MB/6.6 GB  109 MB/s     57s[K[?25h[?2026l[?2026h[?25l[A[1Gpulling manifest [K
pulling dec52a44569a:   5% ▕                  ▏ 317 MB/6.6 GB  109 MB/s     57s[K[?25h[?2026l[?2026h[?25l[A[1Gpulling manifest [K
pulling dec52a44569a:   5% ▕                  ▏ 323 MB/6.6 GB  109 MB/s     57s[K[?25h[?2026l[?2026h[?25l[A[1Gpulling manifest [K
pulling dec52a44569a:   5% ▕                  ▏ 336 MB/6.6 GB  109 MB/s     57s[K[?25h[?2026l[?2026h[?25l[A[1Gpulling manifest [K
pulling dec52a44569a:   5% ▕                  ▏ 348 MB/6.6 GB  109 MB/s     56s[K[?25h[?2026l[?2026h[?25l[A[1Gpulling manifest [K
pulling dec52a44569a:   5% ▕                  ▏ 354 MB/6.6 GB  109 MB/s     56s[K[?25h[?2026l[?2026h[?25l[A[1Gpulling manifest [K
pulling dec52a44569a:   6% ▕█                 ▏ 368 MB/6.6 GB  109 MB/s     56s[K[?25h[?2026l[?2026h[?25l[A[1Gpulling manifest [K
pulling dec52a44569a:   6% ▕█                 ▏ 381 MB/6.6 GB  109 MB/s     56s[K[?25h[?2026l[?2026h[?25l[A[1Gpulling manifest [K
pulling dec52a44569a:   6% ▕█                 ▏ 388 MB/6.6 GB  109 MB/s     56s[K[?25h[?2026l[?2026h[?25l[A[1Gpulling manifest [K
pulling dec52a44569a:   6% ▕█                 ▏ 401 MB/6.6 GB  109 MB/s     56s[K[?25h[?2026l[?2026h[?25l[A[1Gpulling manifest [K
pulling dec52a44569a:   6% ▕█                 ▏ 414 MB/6.6 GB  109 MB/s     56s[K[?25h[?2026l[?2026h[?25l[A[1Gpulling manifest [K
pulling dec52a44569a:   6% ▕█                 ▏ 420 MB/6.6 GB  109 MB/s     56s[K[?25h[?2026l[?2026h[?25l[A[1Gpulling manifest [K
pulling dec52a44569a:   7% ▕█                 ▏ 432 MB/6.6 GB  109 MB/s     56s[K[?25h[?2026l[?2026h[?25l[A[1Gpulling manifest [K
pulling dec52a44569a:   7% ▕█                 ▏ 445 MB/6.6 GB  109 MB/s     56s[K[?25h[?2026l[?2026h[?25l[A[1Gpulling manifest [K
pulling dec52a44569a:   7% ▕█                 ▏ 451 MB/6.6 GB  109 MB/s     56s[K[?25h[?2026l[?2026h[?25l[A[1Gpulling manifest [K
pulling dec52a44569a:   7% ▕█                 ▏ 464 MB/6.6 GB  109 MB/s     55s[K[?25h[?2026l[?2026h[?25l[A[1Gpulling manifest [K
pulling dec52a44569a:   7% ▕█                 ▏ 477 MB/6.6 GB  109 MB/s     55s[K[?25h[?2026l[?2026h[?25l[A[1Gpulling manifest [K
pulling dec52a44569a:   7% ▕█                 ▏ 484 MB/6.6 GB  109 MB/s     55s[K[?25h[?2026l[?2026h[?25l[A[1Gpulling manifest [K
pulling dec52a44569a:   8% ▕█                 ▏ 496 MB/6.6 GB  109 MB/s     55s[K[?25h[?2026l[?2026h[?25l[A[1Gpulling manifest [K
pulling dec52a44569a:   8% ▕█                 ▏ 509 MB/6.6 GB  109 MB/s     55s[K[?25h[?2026l[?2026h[?25l[A[1Gpulling manifest [K
pulling dec52a44569a:   8% ▕█                 ▏ 516 MB/6.6 GB  109 MB/s     55s[K[?25h[?2026l[?2026h[?25l[A[1Gpulling manifest [K
pulling dec52a44569a:   8% ▕█                 ▏ 529 MB/6.6 GB  109 MB/s     55s[K[?25h[?2026l[?2026h[?25l[A[1Gpulling manifest [K
pulling dec52a44569a:   8% ▕█                 ▏ 542 MB/6.6 GB  109 MB/s     55s[K[?25h[?2026l[?2026h[?25l[A[1Gpulling manifest [K
pulling dec52a44569a:   8% ▕█                 ▏ 549 MB/6.6 GB  109 MB/s     55s[K[?25h[?2026l[?2026h[?25l[A[1Gpulling manifest [K
pulling dec52a44569a:   9% ▕█                 ▏ 562 MB/6.6 GB  109 MB/s     55s[K[?25h[?2026l[?2026h[?25l[A[1Gpulling manifest [K
pulling dec52a44569a:   9% ▕█                 ▏ 576 MB/6.6 GB  109 MB/s     54s[K[?25h[?2026l[?2026h[?25l[A[1Gpulling manifest [K
pulling dec52a44569a:   9% ▕█                 ▏ 582 MB/6.6 GB  109 MB/s     54s[K[?25h[?2026l[?2026h[?25l[A[1Gpulling manifest [K
pulling dec52a44569a:   9% ▕█                 ▏ 595 MB/6.6 GB  109 MB/s     54s[K[?25h[?2026l[?2026h[?25l[A[1Gpulling manifest [K
pulling dec52a44569a:   9% ▕█                 ▏ 608 MB/6.6 GB  109 MB/s     54s[K[?25h[?2026l[?2026h[?25l[A[1Gpulling manifest [K
pulling dec52a44569a:   9% ▕█                 ▏ 614 MB/6.6 GB  109 MB/s     54s[K[?25h[?2026l[?2026h[?25l[A[1Gpulling manifest [K
pulling dec52a44569a:  10% ▕█                 ▏ 627 MB/6.6 GB  109 MB/s     54s[K[?25h[?2026l[?2026h[?25l[A[1Gpulling manifest [K
pulling dec52a44569a:  10% ▕█                 ▏ 640 MB/6.6 GB  109 MB/s     54s[K[?25h[?2026l[?2026h[?25l[A[1Gpulling manifest [K
pulling dec52a44569a:  10% ▕█                 ▏ 647 MB/6.6 GB  109 MB/s     54s[K[?25h[?2026l[?2026h[?25l[A[1Gpulling manifest [K
pulling dec52a44569a:  10% ▕█                 ▏ 660 MB/6.6 GB  109 MB/s     53s[K[?25h[?2026l[?2026h[?25l[A[1Gpulling manifest [K
pulling dec52a44569a:  10% ▕█                 ▏ 672 MB/6.6 GB  109 MB/s     53s[K[?25h[?2026l[?2026h[?25l[A[1Gpulling manifest [K
pulling dec52a44569a:  10% ▕█                 ▏ 679 MB/6.6 GB  109 MB/s     53s[K[?25h[?2026l[?2026h[?25l[A[1Gpulling manifest [K
pulling dec52a44569a:  10% ▕█                 ▏ 692 MB/6.6 GB  109 MB/s     53s[K[?25h[?2026l[?2026h[?25l[A[1Gpulling manifest [K
pulling dec52a44569a:  11% ▕█                 ▏ 704 MB/6.6 GB  109 MB/s     53s[K[?25h[?2026l[?2026h[?25l[A[1Gpulling manifest [K
pulling dec52a44569a:  11% ▕█                 ▏ 711 MB/6.6 GB  109 MB/s     53s[K[?25h[?2026l[?2026h[?25l[A[1Gpulling manifest [K
pulling dec52a44569a:  11% ▕█                 ▏ 725 MB/6.6 GB  109 MB/s     53s[K[?25h[?2026l[?2026h[?25l[A[1Gpulling manifest [K
pulling dec52a44569a:  11% ▕██                ▏ 737 MB/6.6 GB  109 MB/s     53s[K[?25h[?2026l[?2026h[?25l[A[1Gpulling manifest [K
pulling dec52a44569a:  11% ▕██                ▏ 743 MB/6.6 GB  109 MB/s     53s[K[?25h[?2026l[?2026h[?25l[A[1Gpulling manifest [K
pulling dec52a44569a:  11% ▕██                ▏ 757 MB/6.6 GB  109 MB/s     53s[K[?25h[?2026l[?2026h[?25l[A[1Gpulling manifest [K
pulling dec52a44569a:  12% ▕██                ▏ 768 MB/6.6 GB  109 MB/s     53s[K[?25h[?2026l[?2026h[?25l[A[1Gpulling manifest [K
pulling dec52a44569a:  12% ▕██                ▏ 774 MB/6.6 GB  109 MB/s     53s[K[?25h[?2026l[?2026h[?25l[A[1Gpulling manifest [K
pulling dec52a44569a:  12% ▕██                ▏ 785 MB/6.6 GB  109 MB/s     52s[K[?25h[?2026l[?2026h[?25l[A[1Gpulling manifest [K
pulling dec52a44569a:  12% ▕██                ▏ 793 MB/6.6 GB  109 MB/s     52s[K[?25h[?2026l[?2026h[?25l[A[1Gpulling manifest [K
pulling dec52a44569a:  12% ▕██                ▏ 793 MB/6.6 GB  109 MB/s     52s[K[?25h[?2026l[?2026h[?25l[A[1Gpulling manifest [K
pulling dec52a44569a:  12% ▕██                ▏ 801 MB/6.6 GB  109 MB/s     52s[K[?25h[?2026l[?2026h[?25l[A[1Gpulling manifest [K
pulling dec52a44569a:  12% ▕██                ▏ 812 MB/6.6 GB  109 MB/s     52s[K[?25h[?2026l[?2026h[?25l[A[1Gpulling manifest [K
pulling dec52a44569a:  12% ▕██                ▏ 817 MB/6.6 GB  109 MB/s     52s[K[?25h[?2026l[?2026h[?25l[A[1Gpulling manifest [K
pulling dec52a44569a:  13% ▕██                ▏ 828 MB/6.6 GB  109 MB/s     52s[K[?25h[?2026l[?2026h[?25l[A[1Gpulling manifest [K
pulling dec52a44569a:  13% ▕██                ▏ 841 MB/6.6 GB  109 MB/s     52s[K[?25h[?2026l[?2026h[?25l[A[1Gpulling manifest [K
pulling dec52a44569a:  13% ▕██                ▏ 847 MB/6.6 GB  109 MB/s     52s[K[?25h[?2026l[?2026h[?25l[A[1Gpulling manifest [K
pulling dec52a44569a:  13% ▕██                ▏ 861 MB/6.6 GB  106 MB/s     53s[K[?25h[?2026l[?2026h[?25l[A[1Gpulling manifest [K
pulling dec52a44569a:  13% ▕██                ▏ 873 MB/6.6 GB  106 MB/s     53s[K[?25h[?2026l[?2026h[?25l[A[1Gpulling manifest [K
pulling dec52a44569a:  13% ▕██                ▏ 878 MB/6.6 GB  106 MB/s     53s[K[?25h[?2026l[?2026h[?25l[A[1Gpulling manifest [K
pulling dec52a44569a:  14% ▕██                ▏ 890 MB/6.6 GB  106 MB/s     53s[K[?25h[?2026l[?2026h[?25l[A[1Gpulling manifest [K
pulling dec52a44569a:  14% ▕██                ▏ 901 MB/6.6 GB  106 MB/s     53s[K[?25h[?2026l[?2026h[?25l[A[1Gpulling manifest [K
pulling dec52a44569a:  14% ▕██                ▏ 908 MB/6.6 GB  106 MB/s     53s[K[?25h[?2026l[?2026h[?25l[A[1Gpulling manifest [K
pulling dec52a44569a:  14% ▕██                ▏ 920 MB/6.6 GB  106 MB/s     53s[K[?25h[?2026l[?2026h[?25l[A[1Gpulling manifest [K
pulling dec52a44569a:  14% ▕██                ▏ 932 MB/6.6 GB  106 MB/s     53s[K[?25h[?2026l[?2026h[?25l[A[1Gpulling manifest [K
pulling dec52a44569a:  14% ▕██                ▏ 938 MB/6.6 GB  106 MB/s     52s[K[?25h[?2026l[?2026h[?25l[A[1Gpulling manifest [K
pulling dec52a44569a:  14% ▕██                ▏ 951 MB/6.6 GB  106 MB/s     52s[K[?25h[?2026l[?2026h[?25l[A[1Gpulling manifest [K
pulling dec52a44569a:  15% ▕██                ▏ 963 MB/6.6 GB  106 MB/s     52s[K[?25h[?2026l[?2026h[?25l[A[1Gpulling manifest [K
pulling dec52a44569a:  15% ▕██                ▏ 969 MB/6.6 GB  106 MB/s     52s[K[?25h[?2026l[?2026h[?25l[A[1Gpulling manifest [K
pulling dec52a44569a:  15% ▕██                ▏ 981 MB/6.6 GB  106 MB/s     52s[K[?25h[?2026l[?2026h[?25l[A[1Gpulling manifest [K
pulling dec52a44569a:  15% ▕██                ▏ 993 MB/6.6 GB  106 MB/s     52s[K[?25h[?2026l[?2026h[?25l[A[1Gpulling manifest [K
pulling dec52a44569a:  15% ▕██                ▏ 998 MB/6.6 GB  106 MB/s     52s[K[?25h[?2026l[?2026h[?25l[A[1Gpulling manifest [K
pulling dec52a44569a:  15% ▕██                ▏ 1.0 GB/6.6 GB  106 MB/s     52s[K[?25h[?2026l[?2026h[?25l[A[1Gpulling manifest [K
pulling dec52a44569a:  15% ▕██                ▏ 1.0 GB/6.6 GB  106 MB/s     52s[K[?25h[?2026l[?2026h[?25l[A[1Gpulling manifest [K
pulling dec52a44569a:  15% ▕██                ▏ 1.0 GB/6.6 GB  106 MB/s     52s[K[?25h[?2026l[?2026h[?25l[A[1Gpulling manifest [K
pulling dec52a44569a:  16% ▕██                ▏ 1.0 GB/6.6 GB  106 MB/s     52s[K[?25h[?2026l[?2026h[?25l[A[1Gpulling manifest [K
pulling dec52a44569a:  16% ▕██                ▏ 1.0 GB/6.6 GB  106 MB/s     52s[K[?25h[?2026l[?2026h[?25l[A[1Gpulling manifest [K
pulling dec52a44569a:  16% ▕██                ▏ 1.0 GB/6.6 GB  103 MB/s     53s[K[?25h[?2026l[?2026h[?25l[A[1Gpulling manifest [K
pulling dec52a44569a:  16% ▕██                ▏ 1.1 GB/6.6 GB  103 MB/s     53s[K[?25h[?2026l[?2026h[?25l[A[1Gpulling manifest [K
pulling dec52a44569a:  16% ▕██                ▏ 1.1 GB/6.6 GB  103 MB/s     53s[K[?25h[?2026l[?2026h[?25l[A[1Gpulling manifest [K
pulling dec52a44569a:  16% ▕██                ▏ 1.1 GB/6.6 GB  103 MB/s     53s[K[?25h[?2026l[?2026h[?25l[A[1Gpulling manifest [K
pulling dec52a44569a:  16% ▕██                ▏ 1.1 GB/6.6 GB  103 MB/s     53s[K[?25h[?2026l[?2026h[?25l[A[1Gpulling manifest [K
pulling dec52a44569a:  17% ▕██                ▏ 1.1 GB/6.6 GB  103 MB/s     53s[K[?25h[?2026l[?2026h[?25l[A[1Gpulling manifest [K
pulling dec52a44569a:  17% ▕██                ▏ 1.1 GB/6.6 GB  103 MB/s     53s[K[?25h[?2026l[?2026h[?25l[A[1Gpulling manifest [K
pulling dec52a44569a:  17% ▕███               ▏ 1.1 GB/6.6 GB  103 MB/s     52s[K[?25h[?2026l[?2026h[?25l[A[1Gpulling manifest [K
pulling dec52a44569a:  17% ▕███               ▏ 1.1 GB/6.6 GB  103 MB/s     52s[K[?25h[?2026l[?2026h[?25l[A[1Gpulling manifest [K
pulling dec52a44569a:  17% ▕███               ▏ 1.1 GB/6.6 GB  103 MB/s     52s[K[?25h[?2026l[?2026h[?25l[A[1Gpulling manifest [K
pulling dec52a44569a:  17% ▕███               ▏ 1.1 GB/6.6 GB  101 MB/s     53s[K[?25h[?2026l[?2026h[?25l[A[1Gpulling manifest [K
pulling dec52a44569a:  17% ▕███               ▏ 1.1 GB/6.6 GB  101 MB/s     53s[K[?25h[?2026l[?2026h[?25l[A[1Gpulling manifest [K
pulling dec52a44569a:  17% ▕███               ▏ 1.2 GB/6.6 GB  101 MB/s     53s[K[?25h[?2026l[?2026h[?25l[A[1Gpulling manifest [K
pulling dec52a44569a:  18% ▕███               ▏ 1.2 GB/6.6 GB  101 MB/s     53s[K[?25h[?2026l[?2026h[?25l[A[1Gpulling manifest [K
pulling dec52a44569a:  18% ▕███               ▏ 1.2 GB/6.6 GB  101 MB/s     53s[K[?25h[?2026l[?2026h[?25l[A[1Gpulling manifest [K
pulling dec52a44569a:  18% ▕███               ▏ 1.2 GB/6.6 GB  101 MB/s     53s[K[?25h[?2026l[?2026h[?25l[A[1Gpulling manifest [K
pulling dec52a44569a:  18% ▕███               ▏ 1.2 GB/6.6 GB  101 MB/s     53s[K[?25h[?2026l[?2026h[?25l[A[1Gpulling manifest [K
pulling dec52a44569a:  18% ▕███               ▏ 1.2 GB/6.6 GB  101 MB/s     52s[K[?25h[?2026l[?2026h[?25l[A[1Gpulling manifest [K
pulling dec52a44569a:  18% ▕███               ▏ 1.2 GB/6.6 GB  101 MB/s     52s[K[?25h[?2026l[?2026h[?25l[A[1Gpulling manifest [K
pulling dec52a44569a:  19% ▕███               ▏ 1.2 GB/6.6 GB  101 MB/s     52s[K[?25h[?2026l[?2026h[?25l[A[1Gpulling manifest [K
pulling dec52a44569a:  19% ▕███               ▏ 1.2 GB/6.6 GB  101 MB/s     52s[K[?25h[?2026l[?2026h[?25l[A[1Gpulling manifest [K
pulling dec52a44569a:  19% ▕███               ▏ 1.2 GB/6.6 GB  101 MB/s     52s[K[?25h[?2026l[?2026h[?25l[A[1Gpulling manifest [K
pulling dec52a44569a:  19% ▕███               ▏ 1.3 GB/6.6 GB  101 MB/s     52s[K[?25h[?2026l[?2026h[?25l[A[1Gpulling manifest [K
pulling dec52a44569a:  19% ▕███               ▏ 1.3 GB/6.6 GB  101 MB/s     52s[K[?25h[?2026l[?2026h[?25l[A[1Gpulling manifest [K
pulling dec52a44569a:  19% ▕███               ▏ 1.3 GB/6.6 GB  101 MB/s     52s[K[?25h[?2026l[?2026h[?25l[A[1Gpulling manifest [K
pulling dec52a44569a:  20% ▕███               ▏ 1.3 GB/6.6 GB  101 MB/s     52s[K[?25h[?2026l[?2026h[?25l[A[1Gpulling manifest [K
pulling dec52a44569a:  20% ▕███               ▏ 1.3 GB/6.6 GB  101 MB/s     52s[K[?25h[?2026l[?2026h[?25l[A[1Gpulling manifest [K
pulling dec52a44569a:  20% ▕███               ▏ 1.3 GB/6.6 GB  101 MB/s     52s[K[?25h[?2026l[?2026h[?25l[A[1Gpulling manifest [K
pulling dec52a44569a:  20% ▕███               ▏ 1.3 GB/6.6 GB  101 MB/s     52s[K[?25h[?2026l[?2026h[?25l[A[1Gpulling manifest [K
pulling dec52a44569a:  20% ▕███               ▏ 1.3 GB/6.6 GB  101 MB/s     52s[K[?25h[?2026l[?2026h[?25l[A[1Gpulling manifest [K
pulling dec52a44569a:  20% ▕███               ▏ 1.3 GB/6.6 GB  101 MB/s     51s[K[?25h[?2026l[?2026h[?25l[A[1Gpulling manifest [K
pulling dec52a44569a:  20% ▕███               ▏ 1.4 GB/6.6 GB  100 MB/s     52s[K[?25h[?2026l[?2026h[?25l[A[1Gpulling manifest [K
pulling dec52a44569a:  21% ▕███               ▏ 1.4 GB/6.6 GB  100 MB/s     52s[K[?25h[?2026l[?2026h[?25l[A[1Gpulling manifest [K
pulling dec52a44569a:  21% ▕███               ▏ 1.4 GB/6.6 GB  100 MB/s     51s[K[?25h[?2026l[?2026h[?25l[A[1Gpulling manifest [K
pulling dec52a44569a:  21% ▕███               ▏ 1.4 GB/6.6 GB  100 MB/s     51s[K[?25h[?2026l[?2026h[?25l[A[1Gpulling manifest [K
pulling dec52a44569a:  21% ▕███               ▏ 1.4 GB/6.6 GB  100 MB/s     51s[K[?25h[?2026l[?2026h[?25l[A[1Gpulling manifest [K
pulling dec52a44569a:  21% ▕███               ▏ 1.4 GB/6.6 GB  100 MB/s     51s[K[?25h[?2026l[?2026h[?25l[A[1Gpulling manifest [K
pulling dec52a44569a:  21% ▕███               ▏ 1.4 GB/6.6 GB  100 MB/s     51s[K[?25h[?2026l[?2026h[?25l[A[1Gpulling manifest [K
pulling dec52a44569a:  22% ▕███               ▏ 1.4 GB/6.6 GB  100 MB/s     51s[K[?25h[?2026l[?2026h[?25l[A[1Gpulling manifest [K
pulling dec52a44569a:  22% ▕███               ▏ 1.4 GB/6.6 GB  100 MB/s     51s[K[?25h[?2026l[?2026h[?25l[A[1Gpulling manifest [K
pulling dec52a44569a:  22% ▕███               ▏ 1.4 GB/6.6 GB  100 MB/s     51s[K[?25h[?2026l[?2026h[?25l[A[1Gpulling manifest [K
pulling dec52a44569a:  22% ▕███               ▏ 1.5 GB/6.6 GB   99 MB/s     51s[K[?25h[?2026l[?2026h[?25l[A[1Gpulling manifest [K
pulling dec52a44569a:  22% ▕███               ▏ 1.5 GB/6.6 GB   99 MB/s     51s[K[?25h[?2026l[?2026h[?25l[A[1Gpulling manifest [K
pulling dec52a44569a:  22% ▕████              ▏ 1.5 GB/6.6 GB   99 MB/s     51s[K[?25h[?2026l[?2026h[?25l[A[1Gpulling manifest [K
pulling dec52a44569a:  22% ▕████              ▏ 1.5 GB/6.6 GB   99 MB/s     51s[K[?25h[?2026l[?2026h[?25l[A[1Gpulling manifest [K
pulling dec52a44569a:  23% ▕████              ▏ 1.5 GB/6.6 GB   99 MB/s     51s[K[?25h[?2026l[?2026h[?25l[A[1Gpulling manifest [K
pulling dec52a44569a:  23% ▕████              ▏ 1.5 GB/6.6 GB   99 MB/s     51s[K[?25h[?2026l[?2026h[?25l[A[1Gpulling manifest [K
pulling dec52a44569a:  23% ▕████              ▏ 1.5 GB/6.6 GB   99 MB/s     51s[K[?25h[?2026l[?2026h[?25l[A[1Gpulling manifest [K
pulling dec52a44569a:  23% ▕████              ▏ 1.5 GB/6.6 GB   99 MB/s     50s[K[?25h[?2026l[?2026h[?25l[A[1Gpulling manifest [K
pulling dec52a44569a:  23% ▕████              ▏ 1.5 GB/6.6 GB   99 MB/s     50s[K[?25h[?2026l[?2026h[?25l[A[1Gpulling manifest [K
pulling dec52a44569a:  23% ▕████              ▏ 1.5 GB/6.6 GB   99 MB/s     50s[K[?25h[?2026l[?2026h[?25l[A[1Gpulling manifest [K
pulling dec52a44569a:  23% ▕████              ▏ 1.5 GB/6.6 GB   98 MB/s     51s[K[?25h[?2026l[?2026h[?25l[A[1Gpulling manifest [K
pulling dec52a44569a:  24% ▕████              ▏ 1.6 GB/6.6 GB   98 MB/s     51s[K[?25h[?2026l[?2026h[?25l[A[1Gpulling manifest [K
pulling dec52a44569a:  24% ▕████              ▏ 1.6 GB/6.6 GB   98 MB/s     50s[K[?25h[?2026l[?2026h[?25l[A[1Gpulling manifest [K
pulling dec52a44569a:  24% ▕████              ▏ 1.6 GB/6.6 GB   98 MB/s     50s[K[?25h[?2026l[?2026h[?25l[A[1Gpulling manifest [K
pulling dec52a44569a:  24% ▕████              ▏ 1.6 GB/6.6 GB   98 MB/s     50s[K[?25h[?2026l[?2026h[?25l[A[1Gpulling manifest [K
pulling dec52a44569a:  24% ▕████              ▏ 1.6 GB/6.6 GB   98 MB/s     50s[K[?25h[?2026l[?2026h[?25l[A[1Gpulling manifest [K
pulling dec52a44569a:  24% ▕████              ▏ 1.6 GB/6.6 GB   98 MB/s     50s[K[?25h[?2026l[?2026h[?25l[A[1Gpulling manifest [K
pulling dec52a44569a:  25% ▕████              ▏ 1.6 GB/6.6 GB   98 MB/s     50s[K[?25h[?2026l[?2026h[?25l[A[1Gpulling manifest [K
pulling dec52a44569a:  25% ▕████              ▏ 1.6 GB/6.6 GB   98 MB/s     50s[K[?25h[?2026l[?2026h[?25l[A[1Gpulling manifest [K
pulling dec52a44569a:  25% ▕████              ▏ 1.6 GB/6.6 GB   98 MB/s     50s[K[?25h[?2026l[?2026h[?25l[A[1Gpulling manifest [K
pulling dec52a44569a:  25% ▕████              ▏ 1.6 GB/6.6 GB   97 MB/s     50s[K[?25h[?2026l[?2026h[?25l[A[1Gpulling manifest [K
pulling dec52a44569a:  25% ▕████              ▏ 1.7 GB/6.6 GB   97 MB/s     50s[K[?25h[?2026l[?2026h[?25l[A[1Gpulling manifest [K
pulling dec52a44569a:  25% ▕████              ▏ 1.7 GB/6.6 GB   97 MB/s     50s[K[?25h[?2026l[?2026h[?25l[A[1Gpulling manifest [K
pulling dec52a44569a:  26% ▕████              ▏ 1.7 GB/6.6 GB   97 MB/s     50s[K[?25h[?2026l[?2026h[?25l[A[1Gpulling manifest [K
pulling dec52a44569a:  26% ▕████              ▏ 1.7 GB/6.6 GB   97 MB/s     50s[K[?25h[?2026l[?2026h[?25l[A[1Gpulling manifest [K
pulling dec52a44569a:  26% ▕████              ▏ 1.7 GB/6.6 GB   97 MB/s     49s[K[?25h[?2026l[?2026h[?25l[A[1Gpulling manifest [K
pulling dec52a44569a:  26% ▕████              ▏ 1.7 GB/6.6 GB   97 MB/s     49s[K[?25h[?2026l[?2026h[?25l[A[1Gpulling manifest [K
pulling dec52a44569a:  26% ▕████              ▏ 1.7 GB/6.6 GB   97 MB/s     49s[K[?25h[?2026l[?2026h[?25l[A[1Gpulling manifest [K
pulling dec52a44569a:  26% ▕████              ▏ 1.7 GB/6.6 GB   97 MB/s     49s[K[?25h[?2026l[?2026h[?25l[A[1Gpulling manifest [K
pulling dec52a44569a:  26% ▕████              ▏ 1.7 GB/6.6 GB   97 MB/s     49s[K[?25h[?2026l[?2026h[?25l[A[1Gpulling manifest [K
pulling dec52a44569a:  27% ▕████              ▏ 1.8 GB/6.6 GB  100 MB/s     48s[K[?25h[?2026l[?2026h[?25l[A[1Gpulling manifest [K
pulling dec52a44569a:  27% ▕████              ▏ 1.8 GB/6.6 GB  100 MB/s     48s[K[?25h[?2026l[?2026h[?25l[A[1Gpulling manifest [K
pulling dec52a44569a:  27% ▕████              ▏ 1.8 GB/6.6 GB  100 MB/s     48s[K[?25h[?2026l[?2026h[?25l[A[1Gpulling manifest [K
pulling dec52a44569a:  27% ▕████              ▏ 1.8 GB/6.6 GB  100 MB/s     47s[K[?25h[?2026l[?2026h[?25l[A[1Gpulling manifest [K
pulling dec52a44569a:  27% ▕████              ▏ 1.8 GB/6.6 GB  100 MB/s     47s[K[?25h[?2026l[?2026h[?25l[A[1Gpulling manifest [K
pulling dec52a44569a:  27% ▕████              ▏ 1.8 GB/6.6 GB  100 MB/s     47s[K[?25h[?2026l[?2026h[?25l[A[1Gpulling manifest [K
pulling dec52a44569a:  27% ▕████              ▏ 1.8 GB/6.6 GB  100 MB/s     47s[K[?25h[?2026l[?2026h[?25l[A[1Gpulling manifest [K
pulling dec52a44569a:  28% ▕████              ▏ 1.8 GB/6.6 GB  100 MB/s     47s[K[?25h[?2026l[?2026h[?25l[A[1Gpulling manifest [K
pulling dec52a44569a:  28% ▕████              ▏ 1.8 GB/6.6 GB  100 MB/s     47s[K[?25h[?2026l[?2026h[?25l[A[1Gpulling manifest [K
pulling dec52a44569a:  28% ▕█████             ▏ 1.8 GB/6.6 GB  100 MB/s     47s[K[?25h[?2026l[?2026h[?25l[A[1Gpulling manifest [K
pulling dec52a44569a:  28% ▕█████             ▏ 1.8 GB/6.6 GB  100 MB/s     47s[K[?25h[?2026l[?2026h[?25l[A[1Gpulling manifest [K
pulling dec52a44569a:  28% ▕█████             ▏ 1.9 GB/6.6 GB   99 MB/s     47s[K[?25h[?2026l[?2026h[?25l[A[1Gpulling manifest [K
pulling dec52a44569a:  28% ▕█████             ▏ 1.9 GB/6.6 GB   99 MB/s     47s[K[?25h[?2026l[?2026h[?25l[A[1Gpulling manifest [K
pulling dec52a44569a:  28% ▕█████             ▏ 1.9 GB/6.6 GB   99 MB/s     47s[K[?25h[?2026l[?2026h[?25l[A[1Gpulling manifest [K
pulling dec52a44569a:  29% ▕█████             ▏ 1.9 GB/6.6 GB   99 MB/s     47s[K[?25h[?2026l[?2026h[?25l[A[1Gpulling manifest [K
pulling dec52a44569a:  29% ▕█████             ▏ 1.9 GB/6.6 GB   99 MB/s     47s[K[?25h[?2026l[?2026h[?25l[A[1Gpulling manifest [K
pulling dec52a44569a:  29% ▕█████             ▏ 1.9 GB/6.6 GB   99 MB/s     47s[K[?25h[?2026l[?2026h[?25l[A[1Gpulling manifest [K
pulling dec52a44569a:  29% ▕█████             ▏ 1.9 GB/6.6 GB   99 MB/s     47s[K[?25h[?2026l[?2026h[?25l[A[1Gpulling manifest [K
pulling dec52a44569a:  29% ▕█████             ▏ 1.9 GB/6.6 GB   99 MB/s     47s[K[?25h[?2026l[?2026h[?25l[A[1Gpulling manifest [K
pulling dec52a44569a:  29% ▕█████             ▏ 1.9 GB/6.6 GB   99 MB/s     47s[K[?25h[?2026l[?2026h[?25l[A[1Gpulling manifest [K
pulling dec52a44569a:  30% ▕█████             ▏ 2.0 GB/6.6 GB   99 MB/s     46s[K[?25h[?2026l[?2026h[?25l[A[1Gpulling manifest [K
pulling dec52a44569a:  30% ▕█████             ▏ 2.0 GB/6.6 GB  101 MB/s     45s[K[?25h[?2026l[?2026h[?25l[A[1Gpulling manifest [K
pulling dec52a44569a:  30% ▕█████             ▏ 2.0 GB/6.6 GB  101 MB/s     45s[K[?25h[?2026l[?2026h[?25l[A[1Gpulling manifest [K
pulling dec52a44569a:  30% ▕█████             ▏ 2.0 GB/6.6 GB  101 MB/s     45s[K[?25h[?2026l[?2026h[?25l[A[1Gpulling manifest [K
pulling dec52a44569a:  30% ▕█████             ▏ 2.0 GB/6.6 GB  101 MB/s     45s[K[?25h[?2026l[?2026h[?25l[A[1Gpulling manifest [K
pulling dec52a44569a:  30% ▕█████             ▏ 2.0 GB/6.6 GB  101 MB/s     45s[K[?25h[?2026l[?2026h[?25l[A[1Gpulling manifest [K
pulling dec52a44569a:  30% ▕█████             ▏ 2.0 GB/6.6 GB  101 MB/s     45s[K[?25h[?2026l[?2026h[?25l[A[1Gpulling manifest [K
pulling dec52a44569a:  30% ▕█████             ▏ 2.0 GB/6.6 GB  101 MB/s     45s[K[?25h[?2026l[?2026h[?25l[A[1Gpulling manifest [K
pulling dec52a44569a:  30% ▕█████             ▏ 2.0 GB/6.6 GB  101 MB/s     45s[K[?25h[?2026l[?2026h[?25l[A[1Gpulling manifest [K
pulling dec52a44569a:  31% ▕█████             ▏ 2.0 GB/6.6 GB  101 MB/s     45s[K[?25h[?2026l[?2026h[?25l[A[1Gpulling manifest [K
pulling dec52a44569a:  31% ▕█████             ▏ 2.0 GB/6.6 GB  101 MB/s     44s[K[?25h[?2026l[?2026h[?25l[A[1Gpulling manifest [K
pulling dec52a44569a:  31% ▕█████             ▏ 2.0 GB/6.6 GB  100 MB/s     45s[K[?25h[?2026l[?2026h[?25l[A[1Gpulling manifest [K
pulling dec52a44569a:  31% ▕█████             ▏ 2.1 GB/6.6 GB  100 MB/s     45s[K[?25h[?2026l[?2026h[?25l[A[1Gpulling manifest [K
pulling dec52a44569a:  31% ▕█████             ▏ 2.1 GB/6.6 GB  100 MB/s     45s[K[?25h[?2026l[?2026h[?25l[A[1Gpulling manifest [K
pulling dec52a44569a:  31% ▕█████             ▏ 2.1 GB/6.6 GB  100 MB/s     44s[K[?25h[?2026l[?2026h[?25l[A[1Gpulling manifest [K
pulling dec52a44569a:  32% ▕█████             ▏ 2.1 GB/6.6 GB  100 MB/s     44s[K[?25h[?2026l[?2026h[?25l[A[1Gpulling manifest [K
pulling dec52a44569a:  32% ▕█████             ▏ 2.1 GB/6.6 GB  100 MB/s     44s[K[?25h[?2026l[?2026h[?25l[A[1Gpulling manifest [K
pulling dec52a44569a:  32% ▕█████             ▏ 2.1 GB/6.6 GB  100 MB/s     44s[K[?25h[?2026l[?2026h[?25l[A[1Gpulling manifest [K
pulling dec52a44569a:  32% ▕█████             ▏ 2.1 GB/6.6 GB  100 MB/s     44s[K[?25h[?2026l[?2026h[?25l[A[1Gpulling manifest [K
pulling dec52a44569a:  32% ▕█████             ▏ 2.1 GB/6.6 GB  100 MB/s     44s[K[?25h[?2026l[?2026h[?25l[A[1Gpulling manifest [K
pulling dec52a44569a:  32% ▕█████             ▏ 2.1 GB/6.6 GB  100 MB/s     44s[K[?25h[?2026l[?2026h[?25l[A[1Gpulling manifest [K
pulling dec52a44569a:  32% ▕█████             ▏ 2.1 GB/6.6 GB  100 MB/s     44s[K[?25h[?2026l[?2026h[?25l[A[1Gpulling manifest [K
pulling dec52a44569a:  33% ▕█████             ▏ 2.2 GB/6.6 GB  100 MB/s     44s[K[?25h[?2026l[?2026h[?25l[A[1Gpulling manifest [K
pulling dec52a44569a:  33% ▕█████             ▏ 2.2 GB/6.6 GB  100 MB/s     44s[K[?25h[?2026l[?2026h[?25l[A[1Gpulling manifest [K
pulling dec52a44569a:  33% ▕█████             ▏ 2.2 GB/6.6 GB  100 MB/s     44s[K[?25h[?2026l[?2026h[?25l[A[1Gpulling manifest [K
pulling dec52a44569a:  33% ▕█████             ▏ 2.2 GB/6.6 GB  100 MB/s     44s[K[?25h[?2026l[?2026h[?25l[A[1Gpulling manifest [K
pulling dec52a44569a:  33% ▕█████             ▏ 2.2 GB/6.6 GB  100 MB/s     44s[K[?25h[?2026l[?2026h[?25l[A[1Gpulling manifest [K
pulling dec52a44569a:  33% ▕█████             ▏ 2.2 GB/6.6 GB  100 MB/s     43s[K[?25h[?2026l[?2026h[?25l[A[1Gpulling manifest [K
pulling dec52a44569a:  33% ▕██████            ▏ 2.2 GB/6.6 GB  100 MB/s     43s[K[?25h[?2026l[?2026h[?25l[A[1Gpulling manifest [K
pulling dec52a44569a:  33% ▕██████            ▏ 2.2 GB/6.6 GB  100 MB/s     43s[K[?25h[?2026l[?2026h[?25l[A[1Gpulling manifest [K
pulling dec52a44569a:  34% ▕██████            ▏ 2.2 GB/6.6 GB  100 MB/s     43s[K[?25h[?2026l[?2026h[?25l[A[1Gpulling manifest [K
pulling dec52a44569a:  34% ▕██████            ▏ 2.2 GB/6.6 GB   98 MB/s     44s[K[?25h[?2026l[?2026h[?25l[A[1Gpulling manifest [K
pulling dec52a44569a:  34% ▕██████            ▏ 2.2 GB/6.6 GB   98 MB/s     44s[K[?25h[?2026l[?2026h[?25l[A[1Gpulling manifest [K
pulling dec52a44569a:  34% ▕██████            ▏ 2.2 GB/6.6 GB   98 MB/s     44s[K[?25h[?2026l[?2026h[?25l[A[1Gpulling manifest [K
pulling dec52a44569a:  34% ▕██████            ▏ 2.3 GB/6.6 GB   98 MB/s     44s[K[?25h[?2026l[?2026h[?25l[A[1Gpulling manifest [K
pulling dec52a44569a:  34% ▕██████            ▏ 2.3 GB/6.6 GB   98 MB/s     43s[K[?25h[?2026l[?2026h[?25l[A[1Gpulling manifest [K
pulling dec52a44569a:  34% ▕██████            ▏ 2.3 GB/6.6 GB   98 MB/s     43s[K[?25h[?2026l[?2026h[?25l[A[1Gpulling manifest [K
pulling dec52a44569a:  35% ▕██████            ▏ 2.3 GB/6.6 GB   98 MB/s     43s[K[?25h[?2026l[?2026h[?25l[A[1Gpulling manifest [K
pulling dec52a44569a:  35% ▕██████            ▏ 2.3 GB/6.6 GB   98 MB/s     43s[K[?25h[?2026l[?2026h[?25l[A[1Gpulling manifest [K
pulling dec52a44569a:  35% ▕██████            ▏ 2.3 GB/6.6 GB   98 MB/s     43s[K[?25h[?2026l[?2026h[?25l[A[1Gpulling manifest [K
pulling dec52a44569a:  35% ▕██████            ▏ 2.3 GB/6.6 GB   98 MB/s     43s[K[?25h[?2026l[?2026h[?25l[A[1Gpulling manifest [K
pulling dec52a44569a:  35% ▕██████            ▏ 2.3 GB/6.6 GB   98 MB/s     43s[K[?25h[?2026l[?2026h[?25l[A[1Gpulling manifest [K
pulling dec52a44569a:  35% ▕██████            ▏ 2.3 GB/6.6 GB   97 MB/s     43s[K[?25h[?2026l[?2026h[?25l[A[1Gpulling manifest [K
pulling dec52a44569a:  35% ▕██████            ▏ 2.3 GB/6.6 GB   97 MB/s     43s[K[?25h[?2026l[?2026h[?25l[A[1Gpulling manifest [K
pulling dec52a44569a:  36% ▕██████            ▏ 2.3 GB/6.6 GB   97 MB/s     43s[K[?25h[?2026l[?2026h[?25l[A[1Gpulling manifest [K
pulling dec52a44569a:  36% ▕██████            ▏ 2.4 GB/6.6 GB   97 MB/s     43s[K[?25h[?2026l[?2026h[?25l[A[1Gpulling manifest [K
pulling dec52a44569a:  36% ▕██████            ▏ 2.4 GB/6.6 GB   97 MB/s     43s[K[?25h[?2026l[?2026h[?25l[A[1Gpulling manifest [K
pulling dec52a44569a:  36% ▕██████            ▏ 2.4 GB/6.6 GB   97 MB/s     43s[K[?25h[?2026l[?2026h[?25l[A[1Gpulling manifest [K
pulling dec52a44569a:  36% ▕██████            ▏ 2.4 GB/6.6 GB   97 MB/s     43s[K[?25h[?2026l[?2026h[?25l[A[1Gpulling manifest [K
pulling dec52a44569a:  36% ▕██████            ▏ 2.4 GB/6.6 GB   97 MB/s     43s[K[?25h[?2026l[?2026h[?25l[A[1Gpulling manifest [K
pulling dec52a44569a:  36% ▕██████            ▏ 2.4 GB/6.6 GB   97 MB/s     43s[K[?25h[?2026l[?2026h[?25l[A[1Gpulling manifest [K
pulling dec52a44569a:  36% ▕██████            ▏ 2.4 GB/6.6 GB   97 MB/s     43s[K[?25h[?2026l[?2026h[?25l[A[1Gpulling manifest [K
pulling dec52a44569a:  37% ▕██████            ▏ 2.4 GB/6.6 GB   95 MB/s     43s[K[?25h[?2026l[?2026h[?25l[A[1Gpulling manifest [K
pulling dec52a44569a:  37% ▕██████            ▏ 2.4 GB/6.6 GB   95 MB/s     43s[K[?25h[?2026l[?2026h[?25l[A[1Gpulling manifest [K
pulling dec52a44569a:  37% ▕██████            ▏ 2.4 GB/6.6 GB   95 MB/s     43s[K[?25h[?2026l[?2026h[?25l[A[1Gpulling manifest [K
pulling dec52a44569a:  37% ▕██████            ▏ 2.4 GB/6.6 GB   95 MB/s     43s[K[?25h[?2026l[?2026h[?25l[A[1Gpulling manifest [K
pulling dec52a44569a:  37% ▕██████            ▏ 2.5 GB/6.6 GB   95 MB/s     43s[K[?25h[?2026l[?2026h[?25l[A[1Gpulling manifest [K
pulling dec52a44569a:  37% ▕██████            ▏ 2.5 GB/6.6 GB   95 MB/s     43s[K[?25h[?2026l[?2026h[?25l[A[1Gpulling manifest [K
pulling dec52a44569a:  38% ▕██████            ▏ 2.5 GB/6.6 GB   95 MB/s     42s[K[?25h[?2026l[?2026h[?25l[A[1Gpulling manifest [K
pulling dec52a44569a:  38% ▕██████            ▏ 2.5 GB/6.6 GB   95 MB/s     42s[K[?25h[?2026l[?2026h[?25l[A[1Gpulling manifest [K
pulling dec52a44569a:  38% ▕██████            ▏ 2.5 GB/6.6 GB   95 MB/s     42s[K[?25h[?2026l[?2026h[?25l[A[1Gpulling manifest [K
pulling dec52a44569a:  38% ▕██████            ▏ 2.5 GB/6.6 GB   95 MB/s     42s[K[?25h[?2026l[?2026h[?25l[A[1Gpulling manifest [K
pulling dec52a44569a:  38% ▕██████            ▏ 2.5 GB/6.6 GB   95 MB/s     42s[K[?25h[?2026l[?2026h[?25l[A[1Gpulling manifest [K
pulling dec52a44569a:  38% ▕██████            ▏ 2.5 GB/6.6 GB   95 MB/s     42s[K[?25h[?2026l[?2026h[?25l[A[1Gpulling manifest [K
pulling dec52a44569a:  38% ▕██████            ▏ 2.5 GB/6.6 GB   95 MB/s     42s[K[?25h[?2026l[?2026h[?25l[A[1Gpulling manifest [K
pulling dec52a44569a:  39% ▕██████            ▏ 2.5 GB/6.6 GB   95 MB/s     42s[K[?25h[?2026l[?2026h[?25l[A[1Gpulling manifest [K
pulling dec52a44569a:  39% ▕██████            ▏ 2.6 GB/6.6 GB   95 MB/s     42s[K[?25h[?2026l[?2026h[?25l[A[1Gpulling manifest [K
pulling dec52a44569a:  39% ▕███████           ▏ 2.6 GB/6.6 GB   95 MB/s     42s[K[?25h[?2026l[?2026h[?25l[A[1Gpulling manifest [K
pulling dec52a44569a:  39% ▕███████           ▏ 2.6 GB/6.6 GB   95 MB/s     42s[K[?25h[?2026l[?2026h[?25l[A[1Gpulling manifest [K
pulling dec52a44569a:  39% ▕███████           ▏ 2.6 GB/6.6 GB   95 MB/s     41s[K[?25h[?2026l[?2026h[?25l[A[1Gpulling manifest [K
pulling dec52a44569a:  39% ▕███████           ▏ 2.6 GB/6.6 GB   95 MB/s     41s[K[?25h[?2026l[?2026h[?25l[A[1Gpulling manifest [K
pulling dec52a44569a:  40% ▕███████           ▏ 2.6 GB/6.6 GB   95 MB/s     41s[K[?25h[?2026l[?2026h[?25l[A[1Gpulling manifest [K
pulling dec52a44569a:  40% ▕███████           ▏ 2.6 GB/6.6 GB   95 MB/s     41s[K[?25h[?2026l[?2026h[?25l[A[1Gpulling manifest [K
pulling dec52a44569a:  40% ▕███████           ▏ 2.6 GB/6.6 GB   95 MB/s     41s[K[?25h[?2026l[?2026h[?25l[A[1Gpulling manifest [K
pulling dec52a44569a:  40% ▕███████           ▏ 2.6 GB/6.6 GB   95 MB/s     41s[K[?25h[?2026l[?2026h[?25l[A[1Gpulling manifest [K
pulling dec52a44569a:  40% ▕███████           ▏ 2.6 GB/6.6 GB   95 MB/s     41s[K[?25h[?2026l[?2026h[?25l[A[1Gpulling manifest [K
pulling dec52a44569a:  40% ▕███████           ▏ 2.7 GB/6.6 GB   95 MB/s     41s[K[?25h[?2026l[?2026h[?25l[A[1Gpulling manifest [K
pulling dec52a44569a:  40% ▕███████           ▏ 2.7 GB/6.6 GB   95 MB/s     41s[K[?25h[?2026l[?2026h[?25l[A[1Gpulling manifest [K
pulling dec52a44569a:  41% ▕███████           ▏ 2.7 GB/6.6 GB   95 MB/s     40s[K[?25h[?2026l[?2026h[?25l[A[1Gpulling manifest [K
pulling dec52a44569a:  41% ▕███████           ▏ 2.7 GB/6.6 GB   95 MB/s     40s[K[?25h[?2026l[?2026h[?25l[A[1Gpulling manifest [K
pulling dec52a44569a:  41% ▕███████           ▏ 2.7 GB/6.6 GB   95 MB/s     40s[K[?25h[?2026l[?2026h[?25l[A[1Gpulling manifest [K
pulling dec52a44569a:  41% ▕███████           ▏ 2.7 GB/6.6 GB   95 MB/s     40s[K[?25h[?2026l[?2026h[?25l[A[1Gpulling manifest [K
pulling dec52a44569a:  41% ▕███████           ▏ 2.7 GB/6.6 GB   96 MB/s     40s[K[?25h[?2026l[?2026h[?25l[A[1Gpulling manifest [K
pulling dec52a44569a:  41% ▕███████           ▏ 2.7 GB/6.6 GB   96 MB/s     40s[K[?25h[?2026l[?2026h[?25l[A[1Gpulling manifest [K
pulling dec52a44569a:  41% ▕███████           ▏ 2.7 GB/6.6 GB   96 MB/s     40s[K[?25h[?2026l[?2026h[?25l[A[1Gpulling manifest [K
pulling dec52a44569a:  42% ▕███████           ▏ 2.7 GB/6.6 GB   96 MB/s     39s[K[?25h[?2026l[?2026h[?25l[A[1Gpulling manifest [K
pulling dec52a44569a:  42% ▕███████           ▏ 2.8 GB/6.6 GB   96 MB/s     39s[K[?25h[?2026l[?2026h[?25l[A[1Gpulling manifest [K
pulling dec52a44569a:  42% ▕███████           ▏ 2.8 GB/6.6 GB   96 MB/s     39s[K[?25h[?2026l[?2026h[?25l[A[1Gpulling manifest [K
pulling dec52a44569a:  42% ▕███████           ▏ 2.8 GB/6.6 GB   96 MB/s     39s[K[?25h[?2026l[?2026h[?25l[A[1Gpulling manifest [K
pulling dec52a44569a:  42% ▕███████           ▏ 2.8 GB/6.6 GB   96 MB/s     39s[K[?25h[?2026l[?2026h[?25l[A[1Gpulling manifest [K
pulling dec52a44569a:  42% ▕███████           ▏ 2.8 GB/6.6 GB   96 MB/s     39s[K[?25h[?2026l[?2026h[?25l[A[1Gpulling manifest [K
pulling dec52a44569a:  43% ▕███████           ▏ 2.8 GB/6.6 GB   96 MB/s     39s[K[?25h[?2026l[?2026h[?25l[A[1Gpulling manifest [K
pulling dec52a44569a:  43% ▕███████           ▏ 2.8 GB/6.6 GB   96 MB/s     39s[K[?25h[?2026l[?2026h[?25l[A[1Gpulling manifest [K
pulling dec52a44569a:  43% ▕███████           ▏ 2.8 GB/6.6 GB   96 MB/s     39s[K[?25h[?2026l[?2026h[?25l[A[1Gpulling manifest [K
pulling dec52a44569a:  43% ▕███████           ▏ 2.8 GB/6.6 GB   96 MB/s     38s[K[?25h[?2026l[?2026h[?25l[A[1Gpulling manifest [K
pulling dec52a44569a:  43% ▕███████           ▏ 2.8 GB/6.6 GB   96 MB/s     38s[K[?25h[?2026l[?2026h[?25l[A[1Gpulling manifest [K
pulling dec52a44569a:  43% ▕███████           ▏ 2.9 GB/6.6 GB   96 MB/s     38s[K[?25h[?2026l[?2026h[?25l[A[1Gpulling manifest [K
pulling dec52a44569a:  44% ▕███████           ▏ 2.9 GB/6.6 GB   96 MB/s     38s[K[?25h[?2026l[?2026h[?25l[A[1Gpulling manifest [K
pulling dec52a44569a:  44% ▕███████           ▏ 2.9 GB/6.6 GB   96 MB/s     38s[K[?25h[?2026l[?2026h[?25l[A[1Gpulling manifest [K
pulling dec52a44569a:  44% ▕███████           ▏ 2.9 GB/6.6 GB   96 MB/s     38s[K[?25h[?2026l[?2026h[?25l[A[1Gpulling manifest [K
pulling dec52a44569a:  44% ▕███████           ▏ 2.9 GB/6.6 GB   96 MB/s     38s[K[?25h[?2026l[?2026h[?25l[A[1Gpulling manifest [K
pulling dec52a44569a:  44% ▕███████           ▏ 2.9 GB/6.6 GB   96 MB/s     38s[K[?25h[?2026l[?2026h[?25l[A[1Gpulling manifest [K
pulling dec52a44569a:  44% ▕███████           ▏ 2.9 GB/6.6 GB   96 MB/s     38s[K[?25h[?2026l[?2026h[?25l[A[1Gpulling manifest [K
pulling dec52a44569a:  44% ▕███████           ▏ 2.9 GB/6.6 GB   98 MB/s     37s[K[?25h[?2026l[?2026h[?25l[A[1Gpulling manifest [K
pulling dec52a44569a:  44% ▕████████          ▏ 2.9 GB/6.6 GB   98 MB/s     37s[K[?25h[?2026l[?2026h[?25l[A[1Gpulling manifest [K
pulling dec52a44569a:  45% ▕████████          ▏ 2.9 GB/6.6 GB   98 MB/s     37s[K[?25h[?2026l[?2026h[?25l[A[1Gpulling manifest [K
pulling dec52a44569a:  45% ▕████████          ▏ 3.0 GB/6.6 GB   98 MB/s     37s[K[?25h[?2026l[?2026h[?25l[A[1Gpulling manifest [K
pulling dec52a44569a:  45% ▕████████          ▏ 3.0 GB/6.6 GB   98 MB/s     37s[K[?25h[?2026l[?2026h[?25l[A[1Gpulling manifest [K
pulling dec52a44569a:  45% ▕████████          ▏ 3.0 GB/6.6 GB   98 MB/s     37s[K[?25h[?2026l[?2026h[?25l[A[1Gpulling manifest [K
pulling dec52a44569a:  45% ▕████████          ▏ 3.0 GB/6.6 GB   98 MB/s     36s[K[?25h[?2026l[?2026h[?25l[A[1Gpulling manifest [K
pulling dec52a44569a:  45% ▕████████          ▏ 3.0 GB/6.6 GB   98 MB/s     36s[K[?25h[?2026l[?2026h[?25l[A[1Gpulling manifest [K
pulling dec52a44569a:  45% ▕████████          ▏ 3.0 GB/6.6 GB   98 MB/s     36s[K[?25h[?2026l[?2026h[?25l[A[1Gpulling manifest [K
pulling dec52a44569a:  45% ▕████████          ▏ 3.0 GB/6.6 GB   98 MB/s     36s[K[?25h[?2026l[?2026h[?25l[A[1Gpulling manifest [K
pulling dec52a44569a:  46% ▕████████          ▏ 3.0 GB/6.6 GB   95 MB/s     37s[K[?25h[?2026l[?2026h[?25l[A[1Gpulling manifest [K
pulling dec52a44569a:  46% ▕████████          ▏ 3.0 GB/6.6 GB   95 MB/s     37s[K[?25h[?2026l[?2026h[?25l[A[1Gpulling manifest [K
pulling dec52a44569a:  46% ▕████████          ▏ 3.0 GB/6.6 GB   95 MB/s     37s[K[?25h[?2026l[?2026h[?25l[A[1Gpulling manifest [K
pulling dec52a44569a:  46% ▕████████          ▏ 3.0 GB/6.6 GB   95 MB/s     37s[K[?25h[?2026l[?2026h[?25l[A[1Gpulling manifest [K
pulling dec52a44569a:  46% ▕████████          ▏ 3.0 GB/6.6 GB   95 MB/s     36s[K[?25h[?2026l[?2026h[?25l[A[1Gpulling manifest [K
pulling dec52a44569a:  46% ▕████████          ▏ 3.1 GB/6.6 GB   95 MB/s     36s[K[?25h[?2026l[?2026h[?25l[A[1Gpulling manifest [K
pulling dec52a44569a:  47% ▕████████          ▏ 3.1 GB/6.6 GB   95 MB/s     36s[K[?25h[?2026l[?2026h[?25l[A[1Gpulling manifest [K
pulling dec52a44569a:  47% ▕████████          ▏ 3.1 GB/6.6 GB   95 MB/s     36s[K[?25h[?2026l[?2026h[?25l[A[1Gpulling manifest [K
pulling dec52a44569a:  47% ▕████████          ▏ 3.1 GB/6.6 GB   95 MB/s     36s[K[?25h[?2026l[?2026h[?25l[A[1Gpulling manifest [K
pulling dec52a44569a:  47% ▕████████          ▏ 3.1 GB/6.6 GB   95 MB/s     36s[K[?25h[?2026l[?2026h[?25l[A[1Gpulling manifest [K
pulling dec52a44569a:  47% ▕████████          ▏ 3.1 GB/6.6 GB   98 MB/s     35s[K[?25h[?2026l[?2026h[?25l[A[1Gpulling manifest [K
pulling dec52a44569a:  47% ▕████████          ▏ 3.1 GB/6.6 GB   98 MB/s     35s[K[?25h[?2026l[?2026h[?25l[A[1Gpulling manifest [K
pulling dec52a44569a:  48% ▕████████          ▏ 3.1 GB/6.6 GB   98 MB/s     35s[K[?25h[?2026l[?2026h[?25l[A[1Gpulling manifest [K
pulling dec52a44569a:  48% ▕████████          ▏ 3.1 GB/6.6 GB   98 MB/s     35s[K[?25h[?2026l[?2026h[?25l[A[1Gpulling manifest [K
pulling dec52a44569a:  48% ▕████████          ▏ 3.2 GB/6.6 GB   98 MB/s     35s[K[?25h[?2026l[?2026h[?25l[A[1Gpulling manifest [K
pulling dec52a44569a:  48% ▕████████          ▏ 3.2 GB/6.6 GB   98 MB/s     34s[K[?25h[?2026l[?2026h[?25l[A[1Gpulling manifest [K
pulling dec52a44569a:  48% ▕████████          ▏ 3.2 GB/6.6 GB   98 MB/s     34s[K[?25h[?2026l[?2026h[?25l[A[1Gpulling manifest [K
pulling dec52a44569a:  48% ▕████████          ▏ 3.2 GB/6.6 GB   98 MB/s     34s[K[?25h[?2026l[?2026h[?25l[A[1Gpulling manifest [K
pulling dec52a44569a:  48% ▕████████          ▏ 3.2 GB/6.6 GB   98 MB/s     34s[K[?25h[?2026l[?2026h[?25l[A[1Gpulling manifest [K
pulling dec52a44569a:  49% ▕████████          ▏ 3.2 GB/6.6 GB   98 MB/s     34s[K[?25h[?2026l[?2026h[?25l[A[1Gpulling manifest [K
pulling dec52a44569a:  49% ▕████████          ▏ 3.2 GB/6.6 GB  100 MB/s     33s[K[?25h[?2026l[?2026h[?25l[A[1Gpulling manifest [K
pulling dec52a44569a:  49% ▕████████          ▏ 3.2 GB/6.6 GB  100 MB/s     33s[K[?25h[?2026l[?2026h[?25l[A[1Gpulling manifest [K
pulling dec52a44569a:  49% ▕████████          ▏ 3.2 GB/6.6 GB  100 MB/s     33s[K[?25h[?2026l[?2026h[?25l[A[1Gpulling manifest [K
pulling dec52a44569a:  49% ▕████████          ▏ 3.3 GB/6.6 GB  100 MB/s     33s[K[?25h[?2026l[?2026h[?25l[A[1Gpulling manifest [K
pulling dec52a44569a:  49% ▕████████          ▏ 3.3 GB/6.6 GB  100 MB/s     33s[K[?25h[?2026l[?2026h[?25l[A[1Gpulling manifest [K
pulling dec52a44569a:  50% ▕████████          ▏ 3.3 GB/6.6 GB  100 MB/s     33s[K[?25h[?2026l[?2026h[?25l[A[1Gpulling manifest [K
pulling dec52a44569a:  50% ▕████████          ▏ 3.3 GB/6.6 GB  100 MB/s     33s[K[?25h[?2026l[?2026h[?25l[A[1Gpulling manifest [K
pulling dec52a44569a:  50% ▕████████          ▏ 3.3 GB/6.6 GB  100 MB/s     33s[K[?25h[?2026l[?2026h[?25l[A[1Gpulling manifest [K
pulling dec52a44569a:  50% ▕█████████         ▏ 3.3 GB/6.6 GB  100 MB/s     32s[K[?25h[?2026l[?2026h[?25l[A[1Gpulling manifest [K
pulling dec52a44569a:  50% ▕█████████         ▏ 3.3 GB/6.6 GB  100 MB/s     32s[K[?25h[?2026l[?2026h[?25l[A[1Gpulling manifest [K
pulling dec52a44569a:  50% ▕█████████         ▏ 3.3 GB/6.6 GB  100 MB/s     32s[K[?25h[?2026l[?2026h[?25l[A[1Gpulling manifest [K
pulling dec52a44569a:  50% ▕█████████         ▏ 3.3 GB/6.6 GB  101 MB/s     32s[K[?25h[?2026l[?2026h[?25l[A[1Gpulling manifest [K
pulling dec52a44569a:  51% ▕█████████         ▏ 3.3 GB/6.6 GB  101 MB/s     32s[K[?25h[?2026l[?2026h[?25l[A[1Gpulling manifest [K
pulling dec52a44569a:  51% ▕█████████         ▏ 3.3 GB/6.6 GB  101 MB/s     32s[K[?25h[?2026l[?2026h[?25l[A[1Gpulling manifest [K
pulling dec52a44569a:  51% ▕█████████         ▏ 3.4 GB/6.6 GB  101 MB/s     31s[K[?25h[?2026l[?2026h[?25l[A[1Gpulling manifest [K
pulling dec52a44569a:  51% ▕█████████         ▏ 3.4 GB/6.6 GB  101 MB/s     31s[K[?25h[?2026l[?2026h[?25l[A[1Gpulling manifest [K
pulling dec52a44569a:  51% ▕█████████         ▏ 3.4 GB/6.6 GB  101 MB/s     31s[K[?25h[?2026l[?2026h[?25l[A[1Gpulling manifest [K
pulling dec52a44569a:  51% ▕█████████         ▏ 3.4 GB/6.6 GB  101 MB/s     31s[K[?25h[?2026l[?2026h[?25l[A[1Gpulling manifest [K
pulling dec52a44569a:  52% ▕█████████         ▏ 3.4 GB/6.6 GB  101 MB/s     31s[K[?25h[?2026l[?2026h[?25l[A[1Gpulling manifest [K
pulling dec52a44569a:  52% ▕█████████         ▏ 3.4 GB/6.6 GB  101 MB/s     31s[K[?25h[?2026l[?2026h[?25l[A[1Gpulling manifest [K
pulling dec52a44569a:  52% ▕█████████         ▏ 3.4 GB/6.6 GB  101 MB/s     31s[K[?25h[?2026l[?2026h[?25l[A[1Gpulling manifest [K
pulling dec52a44569a:  52% ▕█████████         ▏ 3.4 GB/6.6 GB  102 MB/s     30s[K[?25h[?2026l[?2026h[?25l[A[1Gpulling manifest [K
pulling dec52a44569a:  52% ▕█████████         ▏ 3.4 GB/6.6 GB  102 MB/s     30s[K[?25h[?2026l[?2026h[?25l[A[1Gpulling manifest [K
pulling dec52a44569a:  52% ▕█████████         ▏ 3.5 GB/6.6 GB  102 MB/s     30s[K[?25h[?2026l[?2026h[?25l[A[1Gpulling manifest [K
pulling dec52a44569a:  53% ▕█████████         ▏ 3.5 GB/6.6 GB  102 MB/s     30s[K[?25h[?2026l[?2026h[?25l[A[1Gpulling manifest [K
pulling dec52a44569a:  53% ▕█████████         ▏ 3.5 GB/6.6 GB  102 MB/s     30s[K[?25h[?2026l[?2026h[?25l[A[1Gpulling manifest [K
pulling dec52a44569a:  53% ▕█████████         ▏ 3.5 GB/6.6 GB  102 MB/s     30s[K[?25h[?2026l[?2026h[?25l[A[1Gpulling manifest [K
pulling dec52a44569a:  53% ▕█████████         ▏ 3.5 GB/6.6 GB  102 MB/s     30s[K[?25h[?2026l[?2026h[?25l[A[1Gpulling manifest [K
pulling dec52a44569a:  53% ▕█████████         ▏ 3.5 GB/6.6 GB  102 MB/s     30s[K[?25h[?2026l[?2026h[?25l[A[1Gpulling manifest [K
pulling dec52a44569a:  53% ▕█████████         ▏ 3.5 GB/6.6 GB  102 MB/s     30s[K[?25h[?2026l[?2026h[?25l[A[1Gpulling manifest [K
pulling dec52a44569a:  54% ▕█████████         ▏ 3.5 GB/6.6 GB  102 MB/s     29s[K[?25h[?2026l[?2026h[?25l[A[1Gpulling manifest [K
pulling dec52a44569a:  54% ▕█████████         ▏ 3.5 GB/6.6 GB  102 MB/s     29s[K[?25h[?2026l[?2026h[?25l[A[1Gpulling manifest [K
pulling dec52a44569a:  54% ▕█████████         ▏ 3.6 GB/6.6 GB  102 MB/s     29s[K[?25h[?2026l[?2026h[?25l[A[1Gpulling manifest [K
pulling dec52a44569a:  54% ▕█████████         ▏ 3.6 GB/6.6 GB  102 MB/s     29s[K[?25h[?2026l[?2026h[?25l[A[1Gpulling manifest [K
pulling dec52a44569a:  54% ▕█████████         ▏ 3.6 GB/6.6 GB  102 MB/s     29s[K[?25h[?2026l[?2026h[?25l[A[1Gpulling manifest [K
pulling dec52a44569a:  54% ▕█████████         ▏ 3.6 GB/6.6 GB  102 MB/s     29s[K[?25h[?2026l[?2026h[?25l[A[1Gpulling manifest [K
pulling dec52a44569a:  55% ▕█████████         ▏ 3.6 GB/6.6 GB  102 MB/s     29s[K[?25h[?2026l[?2026h[?25l[A[1Gpulling manifest [K
pulling dec52a44569a:  55% ▕█████████         ▏ 3.6 GB/6.6 GB  102 MB/s     29s[K[?25h[?2026l[?2026h[?25l[A[1Gpulling manifest [K
pulling dec52a44569a:  55% ▕█████████         ▏ 3.6 GB/6.6 GB  102 MB/s     28s[K[?25h[?2026l[?2026h[?25l[A[1Gpulling manifest [K
pulling dec52a44569a:  55% ▕█████████         ▏ 3.6 GB/6.6 GB  102 MB/s     28s[K[?25h[?2026l[?2026h[?25l[A[1Gpulling manifest [K
pulling dec52a44569a:  55% ▕█████████         ▏ 3.6 GB/6.6 GB  102 MB/s     28s[K[?25h[?2026l[?2026h[?25l[A[1Gpulling manifest [K
pulling dec52a44569a:  55% ▕█████████         ▏ 3.7 GB/6.6 GB  104 MB/s     28s[K[?25h[?2026l[?2026h[?25l[A[1Gpulling manifest [K
pulling dec52a44569a:  56% ▕██████████        ▏ 3.7 GB/6.6 GB  104 MB/s     28s[K[?25h[?2026l[?2026h[?25l[A[1Gpulling manifest [K
pulling dec52a44569a:  56% ▕██████████        ▏ 3.7 GB/6.6 GB  104 MB/s     27s[K[?25h[?2026l[?2026h[?25l[A[1Gpulling manifest [K
pulling dec52a44569a:  56% ▕██████████        ▏ 3.7 GB/6.6 GB  104 MB/s     27s[K[?25h[?2026l[?2026h[?25l[A[1Gpulling manifest [K
pulling dec52a44569a:  56% ▕██████████        ▏ 3.7 GB/6.6 GB  104 MB/s     27s[K[?25h[?2026l[?2026h[?25l[A[1Gpulling manifest [K
pulling dec52a44569a:  56% ▕██████████        ▏ 3.7 GB/6.6 GB  104 MB/s     27s[K[?25h[?2026l[?2026h[?25l[A[1Gpulling manifest [K
pulling dec52a44569a:  56% ▕██████████        ▏ 3.7 GB/6.6 GB  104 MB/s     27s[K[?25h[?2026l[?2026h[?25l[A[1Gpulling manifest [K
pulling dec52a44569a:  57% ▕██████████        ▏ 3.7 GB/6.6 GB  104 MB/s     27s[K[?25h[?2026l[?2026h[?25l[A[1Gpulling manifest [K
pulling dec52a44569a:  57% ▕██████████        ▏ 3.7 GB/6.6 GB  104 MB/s     27s[K[?25h[?2026l[?2026h[?25l[A[1Gpulling manifest [K
pulling dec52a44569a:  57% ▕██████████        ▏ 3.7 GB/6.6 GB  104 MB/s     27s[K[?25h[?2026l[?2026h[?25l[A[1Gpulling manifest [K
pulling dec52a44569a:  57% ▕██████████        ▏ 3.8 GB/6.6 GB  103 MB/s     27s[K[?25h[?2026l[?2026h[?25l[A[1Gpulling manifest [K
pulling dec52a44569a:  57% ▕██████████        ▏ 3.8 GB/6.6 GB  103 MB/s     27s[K[?25h[?2026l[?2026h[?25l[A[1Gpulling manifest [K
pulling dec52a44569a:  57% ▕██████████        ▏ 3.8 GB/6.6 GB  103 MB/s     27s[K[?25h[?2026l[?2026h[?25l[A[1Gpulling manifest [K
pulling dec52a44569a:  57% ▕██████████        ▏ 3.8 GB/6.6 GB  103 MB/s     27s[K[?25h[?2026l[?2026h[?25l[A[1Gpulling manifest [K
pulling dec52a44569a:  57% ▕██████████        ▏ 3.8 GB/6.6 GB  103 MB/s     27s[K[?25h[?2026l[?2026h[?25l[A[1Gpulling manifest [K
pulling dec52a44569a:  58% ▕██████████        ▏ 3.8 GB/6.6 GB  103 MB/s     26s[K[?25h[?2026l[?2026h[?25l[A[1Gpulling manifest [K
pulling dec52a44569a:  58% ▕██████████        ▏ 3.8 GB/6.6 GB  103 MB/s     26s[K[?25h[?2026l[?2026h[?25l[A[1Gpulling manifest [K
pulling dec52a44569a:  58% ▕██████████        ▏ 3.8 GB/6.6 GB  103 MB/s     26s[K[?25h[?2026l[?2026h[?25l[A[1Gpulling manifest [K
pulling dec52a44569a:  58% ▕██████████        ▏ 3.8 GB/6.6 GB  103 MB/s     26s[K[?25h[?2026l[?2026h[?25l[A[1Gpulling manifest [K
pulling dec52a44569a:  58% ▕██████████        ▏ 3.8 GB/6.6 GB  103 MB/s     26s[K[?25h[?2026l[?2026h[?25l[A[1Gpulling manifest [K
pulling dec52a44569a:  58% ▕██████████        ▏ 3.9 GB/6.6 GB  103 MB/s     26s[K[?25h[?2026l[?2026h[?25l[A[1Gpulling manifest [K
pulling dec52a44569a:  59% ▕██████████        ▏ 3.9 GB/6.6 GB  103 MB/s     26s[K[?25h[?2026l[?2026h[?25l[A[1Gpulling manifest [K
pulling dec52a44569a:  59% ▕██████████        ▏ 3.9 GB/6.6 GB  103 MB/s     26s[K[?25h[?2026l[?2026h[?25l[A[1Gpulling manifest [K
pulling dec52a44569a:  59% ▕██████████        ▏ 3.9 GB/6.6 GB  103 MB/s     26s[K[?25h[?2026l[?2026h[?25l[A[1Gpulling manifest [K
pulling dec52a44569a:  59% ▕██████████        ▏ 3.9 GB/6.6 GB  103 MB/s     25s[K[?25h[?2026l[?2026h[?25l[A[1Gpulling manifest [K
pulling dec52a44569a:  59% ▕██████████        ▏ 3.9 GB/6.6 GB  103 MB/s     25s[K[?25h[?2026l[?2026h[?25l[A[1Gpulling manifest [K
pulling dec52a44569a:  59% ▕██████████        ▏ 3.9 GB/6.6 GB  103 MB/s     25s[K[?25h[?2026l[?2026h[?25l[A[1Gpulling manifest [K
pulling dec52a44569a:  60% ▕██████████        ▏ 3.9 GB/6.6 GB  103 MB/s     25s[K[?25h[?2026l[?2026h[?25l[A[1Gpulling manifest [K
pulling dec52a44569a:  60% ▕██████████        ▏ 3.9 GB/6.6 GB  103 MB/s     25s[K[?25h[?2026l[?2026h[?25l[A[1Gpulling manifest [K
pulling dec52a44569a:  60% ▕██████████        ▏ 3.9 GB/6.6 GB  103 MB/s     25s[K[?25h[?2026l[?2026h[?25l[A[1Gpulling manifest [K
pulling dec52a44569a:  60% ▕██████████        ▏ 4.0 GB/6.6 GB  103 MB/s     25s[K[?25h[?2026l[?2026h[?25l[A[1Gpulling manifest [K
pulling dec52a44569a:  60% ▕██████████        ▏ 4.0 GB/6.6 GB  106 MB/s     24s[K[?25h[?2026l[?2026h[?25l[A[1Gpulling manifest [K
pulling dec52a44569a:  60% ▕██████████        ▏ 4.0 GB/6.6 GB  106 MB/s     24s[K[?25h[?2026l[?2026h[?25l[A[1Gpulling manifest [K
pulling dec52a44569a:  61% ▕██████████        ▏ 4.0 GB/6.6 GB  106 MB/s     24s[K[?25h[?2026l[?2026h[?25l[A[1Gpulling manifest [K
pulling dec52a44569a:  61% ▕██████████        ▏ 4.0 GB/6.6 GB  106 MB/s     24s[K[?25h[?2026l[?2026h[?25l[A[1Gpulling manifest [K
pulling dec52a44569a:  61% ▕██████████        ▏ 4.0 GB/6.6 GB  106 MB/s     24s[K[?25h[?2026l[?2026h[?25l[A[1Gpulling manifest [K
pulling dec52a44569a:  61% ▕██████████        ▏ 4.0 GB/6.6 GB  106 MB/s     24s[K[?25h[?2026l[?2026h[?25l[A[1Gpulling manifest [K
pulling dec52a44569a:  61% ▕██████████        ▏ 4.0 GB/6.6 GB  106 MB/s     24s[K[?25h[?2026l[?2026h[?25l[A[1Gpulling manifest [K
pulling dec52a44569a:  61% ▕██████████        ▏ 4.0 GB/6.6 GB  106 MB/s     24s[K[?25h[?2026l[?2026h[?25l[A[1Gpulling manifest [K
pulling dec52a44569a:  61% ▕███████████       ▏ 4.0 GB/6.6 GB  106 MB/s     23s[K[?25h[?2026l[?2026h[?25l[A[1Gpulling manifest [K
pulling dec52a44569a:  61% ▕███████████       ▏ 4.0 GB/6.6 GB  106 MB/s     23s[K[?25h[?2026l[?2026h[?25l[A[1Gpulling manifest [K
pulling dec52a44569a:  61% ▕███████████       ▏ 4.1 GB/6.6 GB  104 MB/s     24s[K[?25h[?2026l[?2026h[?25l[A[1Gpulling manifest [K
pulling dec52a44569a:  62% ▕███████████       ▏ 4.1 GB/6.6 GB  104 MB/s     24s[K[?25h[?2026l[?2026h[?25l[A[1Gpulling manifest [K
pulling dec52a44569a:  62% ▕███████████       ▏ 4.1 GB/6.6 GB  104 MB/s     24s[K[?25h[?2026l[?2026h[?25l[A[1Gpulling manifest [K
pulling dec52a44569a:  62% ▕███████████       ▏ 4.1 GB/6.6 GB  104 MB/s     24s[K[?25h[?2026l[?2026h[?25l[A[1Gpulling manifest [K
pulling dec52a44569a:  62% ▕███████████       ▏ 4.1 GB/6.6 GB  104 MB/s     23s[K[?25h[?2026l[?2026h[?25l[A[1Gpulling manifest [K
pulling dec52a44569a:  62% ▕███████████       ▏ 4.1 GB/6.6 GB  104 MB/s     23s[K[?25h[?2026l[?2026h[?25l[A[1Gpulling manifest [K
pulling dec52a44569a:  62% ▕███████████       ▏ 4.1 GB/6.6 GB  104 MB/s     23s[K[?25h[?2026l[?2026h[?25l[A[1Gpulling manifest [K
pulling dec52a44569a:  63% ▕███████████       ▏ 4.1 GB/6.6 GB  104 MB/s     23s[K[?25h[?2026l[?2026h[?25l[A[1Gpulling manifest [K
pulling dec52a44569a:  63% ▕███████████       ▏ 4.1 GB/6.6 GB  104 MB/s     23s[K[?25h[?2026l[?2026h[?25l[A[1Gpulling manifest [K
pulling dec52a44569a:  63% ▕███████████       ▏ 4.1 GB/6.6 GB  104 MB/s     23s[K[?25h[?2026l[?2026h[?25l[A[1Gpulling manifest [K
pulling dec52a44569a:  63% ▕███████████       ▏ 4.2 GB/6.6 GB  103 MB/s     23s[K[?25h[?2026l[?2026h[?25l[A[1Gpulling manifest [K
pulling dec52a44569a:  63% ▕███████████       ▏ 4.2 GB/6.6 GB  103 MB/s     23s[K[?25h[?2026l[?2026h[?25l[A[1Gpulling manifest [K
pulling dec52a44569a:  63% ▕███████████       ▏ 4.2 GB/6.6 GB  103 MB/s     23s[K[?25h[?2026l[?2026h[?25l[A[1Gpulling manifest [K
pulling dec52a44569a:  63% ▕███████████       ▏ 4.2 GB/6.6 GB  103 MB/s     23s[K[?25h[?2026l[?2026h[?25l[A[1Gpulling manifest [K
pulling dec52a44569a:  64% ▕███████████       ▏ 4.2 GB/6.6 GB  103 MB/s     23s[K[?25h[?2026l[?2026h[?25l[A[1Gpulling manifest [K
pulling dec52a44569a:  64% ▕███████████       ▏ 4.2 GB/6.6 GB  103 MB/s     23s[K[?25h[?2026l[?2026h[?25l[A[1Gpulling manifest [K
pulling dec52a44569a:  64% ▕███████████       ▏ 4.2 GB/6.6 GB  103 MB/s     23s[K[?25h[?2026l[?2026h[?25l[A[1Gpulling manifest [K
pulling dec52a44569a:  64% ▕███████████       ▏ 4.2 GB/6.6 GB  103 MB/s     22s[K[?25h[?2026l[?2026h[?25l[A[1Gpulling manifest [K
pulling dec52a44569a:  64% ▕███████████       ▏ 4.2 GB/6.6 GB  103 MB/s     22s[K[?25h[?2026l[?2026h[?25l[A[1Gpulling manifest [K
pulling dec52a44569a:  64% ▕███████████       ▏ 4.2 GB/6.6 GB  103 MB/s     22s[K[?25h[?2026l[?2026h[?25l[A[1Gpulling manifest [K
pulling dec52a44569a:  64% ▕███████████       ▏ 4.2 GB/6.6 GB  102 MB/s     22s[K[?25h[?2026l[?2026h[?25l[A[1Gpulling manifest [K
pulling dec52a44569a:  64% ▕███████████       ▏ 4.2 GB/6.6 GB  102 MB/s     22s[K[?25h[?2026l[?2026h[?25l[A[1Gpulling manifest [K
pulling dec52a44569a:  65% ▕███████████       ▏ 4.3 GB/6.6 GB  102 MB/s     22s[K[?25h[?2026l[?2026h[?25l[A[1Gpulling manifest [K
pulling dec52a44569a:  65% ▕███████████       ▏ 4.3 GB/6.6 GB  102 MB/s     22s[K[?25h[?2026l[?2026h[?25l[A[1Gpulling manifest [K
pulling dec52a44569a:  65% ▕███████████       ▏ 4.3 GB/6.6 GB  102 MB/s     22s[K[?25h[?2026l[?2026h[?25l[A[1Gpulling manifest [K
pulling dec52a44569a:  65% ▕███████████       ▏ 4.3 GB/6.6 GB  102 MB/s     22s[K[?25h[?2026l[?2026h[?25l[A[1Gpulling manifest [K
pulling dec52a44569a:  65% ▕███████████       ▏ 4.3 GB/6.6 GB  102 MB/s     22s[K[?25h[?2026l[?2026h[?25l[A[1Gpulling manifest [K
pulling dec52a44569a:  65% ▕███████████       ▏ 4.3 GB/6.6 GB  102 MB/s     22s[K[?25h[?2026l[?2026h[?25l[A[1Gpulling manifest [K
pulling dec52a44569a:  65% ▕███████████       ▏ 4.3 GB/6.6 GB  102 MB/s     22s[K[?25h[?2026l[?2026h[?25l[A[1Gpulling manifest [K
pulling dec52a44569a:  66% ▕███████████       ▏ 4.3 GB/6.6 GB  102 MB/s     22s[K[?25h[?2026l[?2026h[?25l[A[1Gpulling manifest [K
pulling dec52a44569a:  66% ▕███████████       ▏ 4.3 GB/6.6 GB  102 MB/s     22s[K[?25h[?2026l[?2026h[?25l[A[1Gpulling manifest [K
pulling dec52a44569a:  66% ▕███████████       ▏ 4.3 GB/6.6 GB  100 MB/s     22s[K[?25h[?2026l[?2026h[?25l[A[1Gpulling manifest [K
pulling dec52a44569a:  66% ▕███████████       ▏ 4.4 GB/6.6 GB  100 MB/s     22s[K[?25h[?2026l[?2026h[?25l[A[1Gpulling manifest [K
pulling dec52a44569a:  66% ▕███████████       ▏ 4.4 GB/6.6 GB  100 MB/s     22s[K[?25h[?2026l[?2026h[?25l[A[1Gpulling manifest [K
pulling dec52a44569a:  66% ▕███████████       ▏ 4.4 GB/6.6 GB  100 MB/s     21s[K[?25h[?2026l[?2026h[?25l[A[1Gpulling manifest [K
pulling dec52a44569a:  67% ▕███████████       ▏ 4.4 GB/6.6 GB  100 MB/s     21s[K[?25h[?2026l[?2026h[?25l[A[1Gpulling manifest [K
pulling dec52a44569a:  67% ▕███████████       ▏ 4.4 GB/6.6 GB  100 MB/s     21s[K[?25h[?2026l[?2026h[?25l[A[1Gpulling manifest [K
pulling dec52a44569a:  67% ▕████████████      ▏ 4.4 GB/6.6 GB  100 MB/s     21s[K[?25h[?2026l[?2026h[?25l[A[1Gpulling manifest [K
pulling dec52a44569a:  67% ▕████████████      ▏ 4.4 GB/6.6 GB  100 MB/s     21s[K[?25h[?2026l[?2026h[?25l[A[1Gpulling manifest [K
pulling dec52a44569a:  67% ▕████████████      ▏ 4.4 GB/6.6 GB  100 MB/s     21s[K[?25h[?2026l[?2026h[?25l[A[1Gpulling manifest [K
pulling dec52a44569a:  67% ▕████████████      ▏ 4.4 GB/6.6 GB  100 MB/s     21s[K[?25h[?2026l[?2026h[?25l[A[1Gpulling manifest [K
pulling dec52a44569a:  68% ▕████████████      ▏ 4.5 GB/6.6 GB  100 MB/s     21s[K[?25h[?2026l[?2026h[?25l[A[1Gpulling manifest [K
pulling dec52a44569a:  68% ▕████████████      ▏ 4.5 GB/6.6 GB  100 MB/s     21s[K[?25h[?2026l[?2026h[?25l[A[1Gpulling manifest [K
pulling dec52a44569a:  68% ▕████████████      ▏ 4.5 GB/6.6 GB  100 MB/s     21s[K[?25h[?2026l[?2026h[?25l[A[1Gpulling manifest [K
pulling dec52a44569a:  68% ▕████████████      ▏ 4.5 GB/6.6 GB  100 MB/s     21s[K[?25h[?2026l[?2026h[?25l[A[1Gpulling manifest [K
pulling dec52a44569a:  68% ▕████████████      ▏ 4.5 GB/6.6 GB  100 MB/s     20s[K[?25h[?2026l[?2026h[?25l[A[1Gpulling manifest [K
pulling dec52a44569a:  68% ▕████████████      ▏ 4.5 GB/6.6 GB  100 MB/s     20s[K[?25h[?2026l[?2026h[?25l[A[1Gpulling manifest [K
pulling dec52a44569a:  68% ▕████████████      ▏ 4.5 GB/6.6 GB  100 MB/s     20s[K[?25h[?2026l[?2026h[?25l[A[1Gpulling manifest [K
pulling dec52a44569a:  68% ▕████████████      ▏ 4.5 GB/6.6 GB  100 MB/s     20s[K[?25h[?2026l[?2026h[?25l[A[1Gpulling manifest [K
pulling dec52a44569a:  69% ▕████████████      ▏ 4.5 GB/6.6 GB  100 MB/s     20s[K[?25h[?2026l[?2026h[?25l[A[1Gpulling manifest [K
pulling dec52a44569a:  69% ▕████████████      ▏ 4.5 GB/6.6 GB  100 MB/s     20s[K[?25h[?2026l[?2026h[?25l[A[1Gpulling manifest [K
pulling dec52a44569a:  69% ▕████████████      ▏ 4.5 GB/6.6 GB   98 MB/s     20s[K[?25h[?2026l[?2026h[?25l[A[1Gpulling manifest [K
pulling dec52a44569a:  69% ▕████████████      ▏ 4.6 GB/6.6 GB   98 MB/s     20s[K[?25h[?2026l[?2026h[?25l[A[1Gpulling manifest [K
pulling dec52a44569a:  69% ▕████████████      ▏ 4.6 GB/6.6 GB   98 MB/s     20s[K[?25h[?2026l[?2026h[?25l[A[1Gpulling manifest [K
pulling dec52a44569a:  69% ▕████████████      ▏ 4.6 GB/6.6 GB   98 MB/s     20s[K[?25h[?2026l[?2026h[?25l[A[1Gpulling manifest [K
pulling dec52a44569a:  70% ▕████████████      ▏ 4.6 GB/6.6 GB   98 MB/s     20s[K[?25h[?2026l[?2026h[?25l[A[1Gpulling manifest [K
pulling dec52a44569a:  70% ▕████████████      ▏ 4.6 GB/6.6 GB   98 MB/s     20s[K[?25h[?2026l[?2026h[?25l[A[1Gpulling manifest [K
pulling dec52a44569a:  70% ▕████████████      ▏ 4.6 GB/6.6 GB   98 MB/s     20s[K[?25h[?2026l[?2026h[?25l[A[1Gpulling manifest [K
pulling dec52a44569a:  70% ▕████████████      ▏ 4.6 GB/6.6 GB   98 MB/s     20s[K[?25h[?2026l[?2026h[?25l[A[1Gpulling manifest [K
pulling dec52a44569a:  70% ▕████████████      ▏ 4.6 GB/6.6 GB   98 MB/s     19s[K[?25h[?2026l[?2026h[?25l[A[1Gpulling manifest [K
pulling dec52a44569a:  70% ▕████████████      ▏ 4.6 GB/6.6 GB   98 MB/s     19s[K[?25h[?2026l[?2026h[?25l[A[1Gpulling manifest [K
pulling dec52a44569a:  70% ▕████████████      ▏ 4.6 GB/6.6 GB   98 MB/s     19s[K[?25h[?2026l[?2026h[?25l[A[1Gpulling manifest [K
pulling dec52a44569a:  71% ▕████████████      ▏ 4.7 GB/6.6 GB   98 MB/s     19s[K[?25h[?2026l[?2026h[?25l[A[1Gpulling manifest [K
pulling dec52a44569a:  71% ▕████████████      ▏ 4.7 GB/6.6 GB   98 MB/s     19s[K[?25h[?2026l[?2026h[?25l[A[1Gpulling manifest [K
pulling dec52a44569a:  71% ▕████████████      ▏ 4.7 GB/6.6 GB   98 MB/s     19s[K[?25h[?2026l[?2026h[?25l[A[1Gpulling manifest [K
pulling dec52a44569a:  71% ▕████████████      ▏ 4.7 GB/6.6 GB   98 MB/s     19s[K[?25h[?2026l[?2026h[?25l[A[1Gpulling manifest [K
pulling dec52a44569a:  71% ▕████████████      ▏ 4.7 GB/6.6 GB   98 MB/s     19s[K[?25h[?2026l[?2026h[?25l[A[1Gpulling manifest [K
pulling dec52a44569a:  71% ▕████████████      ▏ 4.7 GB/6.6 GB   98 MB/s     19s[K[?25h[?2026l[?2026h[?25l[A[1Gpulling manifest [K
pulling dec52a44569a:  71% ▕████████████      ▏ 4.7 GB/6.6 GB   98 MB/s     19s[K[?25h[?2026l[?2026h[?25l[A[1Gpulling manifest [K
pulling dec52a44569a:  71% ▕████████████      ▏ 4.7 GB/6.6 GB   98 MB/s     19s[K[?25h[?2026l[?2026h[?25l[A[1Gpulling manifest [K
pulling dec52a44569a:  72% ▕████████████      ▏ 4.7 GB/6.6 GB   98 MB/s     18s[K[?25h[?2026l[?2026h[?25l[A[1Gpulling manifest [K
pulling dec52a44569a:  72% ▕████████████      ▏ 4.7 GB/6.6 GB   97 MB/s     18s[K[?25h[?2026l[?2026h[?25l[A[1Gpulling manifest [K
pulling dec52a44569a:  72% ▕████████████      ▏ 4.7 GB/6.6 GB   97 MB/s     18s[K[?25h[?2026l[?2026h[?25l[A[1Gpulling manifest [K
pulling dec52a44569a:  72% ▕████████████      ▏ 4.8 GB/6.6 GB   97 MB/s     18s[K[?25h[?2026l[?2026h[?25l[A[1Gpulling manifest [K
pulling dec52a44569a:  72% ▕█████████████     ▏ 4.8 GB/6.6 GB   97 MB/s     18s[K[?25h[?2026l[?2026h[?25l[A[1Gpulling manifest [K
pulling dec52a44569a:  72% ▕█████████████     ▏ 4.8 GB/6.6 GB   97 MB/s     18s[K[?25h[?2026l[?2026h[?25l[A[1Gpulling manifest [K
pulling dec52a44569a:  73% ▕█████████████     ▏ 4.8 GB/6.6 GB   97 MB/s     18s[K[?25h[?2026l[?2026h[?25l[A[1Gpulling manifest [K
pulling dec52a44569a:  73% ▕█████████████     ▏ 4.8 GB/6.6 GB   97 MB/s     18s[K[?25h[?2026l[?2026h[?25l[A[1Gpulling manifest [K
pulling dec52a44569a:  73% ▕█████████████     ▏ 4.8 GB/6.6 GB   97 MB/s     18s[K[?25h[?2026l[?2026h[?25l[A[1Gpulling manifest [K
pulling dec52a44569a:  73% ▕█████████████     ▏ 4.8 GB/6.6 GB   97 MB/s     18s[K[?25h[?2026l[?2026h[?25l[A[1Gpulling manifest [K
pulling dec52a44569a:  73% ▕█████████████     ▏ 4.8 GB/6.6 GB   97 MB/s     18s[K[?25h[?2026l[?2026h[?25l[A[1Gpulling manifest [K
pulling dec52a44569a:  73% ▕█████████████     ▏ 4.8 GB/6.6 GB   97 MB/s     18s[K[?25h[?2026l[?2026h[?25l[A[1Gpulling manifest [K
pulling dec52a44569a:  73% ▕█████████████     ▏ 4.8 GB/6.6 GB   96 MB/s     18s[K[?25h[?2026l[?2026h[?25l[A[1Gpulling manifest [K
pulling dec52a44569a:  74% ▕█████████████     ▏ 4.9 GB/6.6 GB   96 MB/s     18s[K[?25h[?2026l[?2026h[?25l[A[1Gpulling manifest [K
pulling dec52a44569a:  74% ▕█████████████     ▏ 4.9 GB/6.6 GB   96 MB/s     17s[K[?25h[?2026l[?2026h[?25l[A[1Gpulling manifest [K
pulling dec52a44569a:  74% ▕█████████████     ▏ 4.9 GB/6.6 GB   96 MB/s     17s[K[?25h[?2026l[?2026h[?25l[A[1Gpulling manifest [K
pulling dec52a44569a:  74% ▕█████████████     ▏ 4.9 GB/6.6 GB   96 MB/s     17s[K[?25h[?2026l[?2026h[?25l[A[1Gpulling manifest [K
pulling dec52a44569a:  74% ▕█████████████     ▏ 4.9 GB/6.6 GB   96 MB/s     17s[K[?25h[?2026l[?2026h[?25l[A[1Gpulling manifest [K
pulling dec52a44569a:  74% ▕█████████████     ▏ 4.9 GB/6.6 GB   96 MB/s     17s[K[?25h[?2026l[?2026h[?25l[A[1Gpulling manifest [K
pulling dec52a44569a:  74% ▕█████████████     ▏ 4.9 GB/6.6 GB   96 MB/s     17s[K[?25h[?2026l[?2026h[?25l[A[1Gpulling manifest [K
pulling dec52a44569a:  75% ▕█████████████     ▏ 4.9 GB/6.6 GB   96 MB/s     17s[K[?25h[?2026l[?2026h[?25l[A[1Gpulling manifest [K
pulling dec52a44569a:  75% ▕█████████████     ▏ 4.9 GB/6.6 GB   96 MB/s     17s[K[?25h[?2026l[?2026h[?25l[A[1Gpulling manifest [K
pulling dec52a44569a:  75% ▕█████████████     ▏ 4.9 GB/6.6 GB   98 MB/s     16s[K[?25h[?2026l[?2026h[?25l[A[1Gpulling manifest [K
pulling dec52a44569a:  75% ▕█████████████     ▏ 4.9 GB/6.6 GB   98 MB/s     16s[K[?25h[?2026l[?2026h[?25l[A[1Gpulling manifest [K
pulling dec52a44569a:  75% ▕█████████████     ▏ 5.0 GB/6.6 GB   98 MB/s     16s[K[?25h[?2026l[?2026h[?25l[A[1Gpulling manifest [K
pulling dec52a44569a:  75% ▕█████████████     ▏ 5.0 GB/6.6 GB   98 MB/s     16s[K[?25h[?2026l[?2026h[?25l[A[1Gpulling manifest [K
pulling dec52a44569a:  75% ▕█████████████     ▏ 5.0 GB/6.6 GB   98 MB/s     16s[K[?25h[?2026l[?2026h[?25l[A[1Gpulling manifest [K
pulling dec52a44569a:  76% ▕█████████████     ▏ 5.0 GB/6.6 GB   98 MB/s     16s[K[?25h[?2026l[?2026h[?25l[A[1Gpulling manifest [K
pulling dec52a44569a:  76% ▕█████████████     ▏ 5.0 GB/6.6 GB   98 MB/s     16s[K[?25h[?2026l[?2026h[?25l[A[1Gpulling manifest [K
pulling dec52a44569a:  76% ▕█████████████     ▏ 5.0 GB/6.6 GB   98 MB/s     16s[K[?25h[?2026l[?2026h[?25l[A[1Gpulling manifest [K
pulling dec52a44569a:  76% ▕█████████████     ▏ 5.0 GB/6.6 GB   98 MB/s     16s[K[?25h[?2026l[?2026h[?25l[A[1Gpulling manifest [K
pulling dec52a44569a:  76% ▕█████████████     ▏ 5.0 GB/6.6 GB   98 MB/s     16s[K[?25h[?2026l[?2026h[?25l[A[1Gpulling manifest [K
pulling dec52a44569a:  76% ▕█████████████     ▏ 5.0 GB/6.6 GB   95 MB/s     16s[K[?25h[?2026l[?2026h[?25l[A[1Gpulling manifest [K
pulling dec52a44569a:  76% ▕█████████████     ▏ 5.0 GB/6.6 GB   95 MB/s     16s[K[?25h[?2026l[?2026h[?25l[A[1Gpulling manifest [K
pulling dec52a44569a:  76% ▕█████████████     ▏ 5.0 GB/6.6 GB   95 MB/s     16s[K[?25h[?2026l[?2026h[?25l[A[1Gpulling manifest [K
pulling dec52a44569a:  77% ▕█████████████     ▏ 5.0 GB/6.6 GB   95 MB/s     16s[K[?25h[?2026l[?2026h[?25l[A[1Gpulling manifest [K
pulling dec52a44569a:  77% ▕█████████████     ▏ 5.1 GB/6.6 GB   95 MB/s     16s[K[?25h[?2026l[?2026h[?25l[A[1Gpulling manifest [K
pulling dec52a44569a:  77% ▕█████████████     ▏ 5.1 GB/6.6 GB   95 MB/s     15s[K[?25h[?2026l[?2026h[?25l[A[1Gpulling manifest [K
pulling dec52a44569a:  77% ▕█████████████     ▏ 5.1 GB/6.6 GB   95 MB/s     15s[K[?25h[?2026l[?2026h[?25l[A[1Gpulling manifest [K
pulling dec52a44569a:  77% ▕█████████████     ▏ 5.1 GB/6.6 GB   95 MB/s     15s[K[?25h[?2026l[?2026h[?25l[A[1Gpulling manifest [K
pulling dec52a44569a:  77% ▕█████████████     ▏ 5.1 GB/6.6 GB   95 MB/s     15s[K[?25h[?2026l[?2026h[?25l[A[1Gpulling manifest [K
pulling dec52a44569a:  77% ▕█████████████     ▏ 5.1 GB/6.6 GB   95 MB/s     15s[K[?25h[?2026l[?2026h[?25l[A[1Gpulling manifest [K
pulling dec52a44569a:  78% ▕█████████████     ▏ 5.1 GB/6.6 GB   96 MB/s     15s[K[?25h[?2026l[?2026h[?25l[A[1Gpulling manifest [K
pulling dec52a44569a:  78% ▕█████████████     ▏ 5.1 GB/6.6 GB   96 MB/s     15s[K[?25h[?2026l[?2026h[?25l[A[1Gpulling manifest [K
pulling dec52a44569a:  78% ▕██████████████    ▏ 5.1 GB/6.6 GB   96 MB/s     15s[K[?25h[?2026l[?2026h[?25l[A[1Gpulling manifest [K
pulling dec52a44569a:  78% ▕██████████████    ▏ 5.1 GB/6.6 GB   96 MB/s     14s[K[?25h[?2026l[?2026h[?25l[A[1Gpulling manifest [K
pulling dec52a44569a:  78% ▕██████████████    ▏ 5.1 GB/6.6 GB   96 MB/s     14s[K[?25h[?2026l[?2026h[?25l[A[1Gpulling manifest [K
pulling dec52a44569a:  78% ▕██████████████    ▏ 5.2 GB/6.6 GB   96 MB/s     14s[K[?25h[?2026l[?2026h[?25l[A[1Gpulling manifest [K
pulling dec52a44569a:  78% ▕██████████████    ▏ 5.2 GB/6.6 GB   96 MB/s     14s[K[?25h[?2026l[?2026h[?25l[A[1Gpulling manifest [K
pulling dec52a44569a:  79% ▕██████████████    ▏ 5.2 GB/6.6 GB   96 MB/s     14s[K[?25h[?2026l[?2026h[?25l[A[1Gpulling manifest [K
pulling dec52a44569a:  79% ▕██████████████    ▏ 5.2 GB/6.6 GB   96 MB/s     14s[K[?25h[?2026l[?2026h[?25l[A[1Gpulling manifest [K
pulling dec52a44569a:  79% ▕██████████████    ▏ 5.2 GB/6.6 GB   96 MB/s     14s[K[?25h[?2026l[?2026h[?25l[A[1Gpulling manifest [K
pulling dec52a44569a:  79% ▕██████████████    ▏ 5.2 GB/6.6 GB   96 MB/s     14s[K[?25h[?2026l[?2026h[?25l[A[1Gpulling manifest [K
pulling dec52a44569a:  79% ▕██████████████    ▏ 5.2 GB/6.6 GB   96 MB/s     14s[K[?25h[?2026l[?2026h[?25l[A[1Gpulling manifest [K
pulling dec52a44569a:  79% ▕██████████████    ▏ 5.2 GB/6.6 GB   96 MB/s     14s[K[?25h[?2026l[?2026h[?25l[A[1Gpulling manifest [K
pulling dec52a44569a:  79% ▕██████████████    ▏ 5.2 GB/6.6 GB   96 MB/s     13s[K[?25h[?2026l[?2026h[?25l[A[1Gpulling manifest [K
pulling dec52a44569a:  80% ▕██████████████    ▏ 5.2 GB/6.6 GB   96 MB/s     13s[K[?25h[?2026l[?2026h[?25l[A[1Gpulling manifest [K
pulling dec52a44569a:  80% ▕██████████████    ▏ 5.3 GB/6.6 GB   96 MB/s     13s[K[?25h[?2026l[?2026h[?25l[A[1Gpulling manifest [K
pulling dec52a44569a:  80% ▕██████████████    ▏ 5.3 GB/6.6 GB   96 MB/s     13s[K[?25h[?2026l[?2026h[?25l[A[1Gpulling manifest [K
pulling dec52a44569a:  80% ▕██████████████    ▏ 5.3 GB/6.6 GB   96 MB/s     13s[K[?25h[?2026l[?2026h[?25l[A[1Gpulling manifest [K
pulling dec52a44569a:  80% ▕██████████████    ▏ 5.3 GB/6.6 GB   96 MB/s     13s[K[?25h[?2026l[?2026h[?25l[A[1Gpulling manifest [K
pulling dec52a44569a:  80% ▕██████████████    ▏ 5.3 GB/6.6 GB   96 MB/s     13s[K[?25h[?2026l[?2026h[?25l[A[1Gpulling manifest [K
pulling dec52a44569a:  81% ▕██████████████    ▏ 5.3 GB/6.6 GB   96 MB/s     13s[K[?25h[?2026l[?2026h[?25l[A[1Gpulling manifest [K
pulling dec52a44569a:  81% ▕██████████████    ▏ 5.3 GB/6.6 GB   96 MB/s     13s[K[?25h[?2026l[?2026h[?25l[A[1Gpulling manifest [K
pulling dec52a44569a:  81% ▕██████████████    ▏ 5.3 GB/6.6 GB   96 MB/s     13s[K[?25h[?2026l[?2026h[?25l[A[1Gpulling manifest [K
pulling dec52a44569a:  81% ▕██████████████    ▏ 5.3 GB/6.6 GB   96 MB/s     12s[K[?25h[?2026l[?2026h[?25l[A[1Gpulling manifest [K
pulling dec52a44569a:  81% ▕██████████████    ▏ 5.4 GB/6.6 GB   96 MB/s     12s[K[?25h[?2026l[?2026h[?25l[A[1Gpulling manifest [K
pulling dec52a44569a:  81% ▕██████████████    ▏ 5.4 GB/6.6 GB   96 MB/s     12s[K[?25h[?2026l[?2026h[?25l[A[1Gpulling manifest [K
pulling dec52a44569a:  81% ▕██████████████    ▏ 5.4 GB/6.6 GB   96 MB/s     12s[K[?25h[?2026l[?2026h[?25l[A[1Gpulling manifest [K
pulling dec52a44569a:  82% ▕██████████████    ▏ 5.4 GB/6.6 GB   96 MB/s     12s[K[?25h[?2026l[?2026h[?25l[A[1Gpulling manifest [K
pulling dec52a44569a:  82% ▕██████████████    ▏ 5.4 GB/6.6 GB   96 MB/s     12s[K[?25h[?2026l[?2026h[?25l[A[1Gpulling manifest [K
pulling dec52a44569a:  82% ▕██████████████    ▏ 5.4 GB/6.6 GB   96 MB/s     12s[K[?25h[?2026l[?2026h[?25l[A[1Gpulling manifest [K
pulling dec52a44569a:  82% ▕██████████████    ▏ 5.4 GB/6.6 GB   96 MB/s     12s[K[?25h[?2026l[?2026h[?25l[A[1Gpulling manifest [K
pulling dec52a44569a:  82% ▕██████████████    ▏ 5.4 GB/6.6 GB   97 MB/s     11s[K[?25h[?2026l[?2026h[?25l[A[1Gpulling manifest [K
pulling dec52a44569a:  82% ▕██████████████    ▏ 5.4 GB/6.6 GB   97 MB/s     11s[K[?25h[?2026l[?2026h[?25l[A[1Gpulling manifest [K
pulling dec52a44569a:  83% ▕██████████████    ▏ 5.4 GB/6.6 GB   97 MB/s     11s[K[?25h[?2026l[?2026h[?25l[A[1Gpulling manifest [K
pulling dec52a44569a:  83% ▕██████████████    ▏ 5.5 GB/6.6 GB   97 MB/s     11s[K[?25h[?2026l[?2026h[?25l[A[1Gpulling manifest [K
pulling dec52a44569a:  83% ▕██████████████    ▏ 5.5 GB/6.6 GB   97 MB/s     11s[K[?25h[?2026l[?2026h[?25l[A[1Gpulling manifest [K
pulling dec52a44569a:  83% ▕██████████████    ▏ 5.5 GB/6.6 GB   97 MB/s     11s[K[?25h[?2026l[?2026h[?25l[A[1Gpulling manifest [K
pulling dec52a44569a:  83% ▕██████████████    ▏ 5.5 GB/6.6 GB   97 MB/s     11s[K[?25h[?2026l[?2026h[?25l[A[1Gpulling manifest [K
pulling dec52a44569a:  83% ▕██████████████    ▏ 5.5 GB/6.6 GB   97 MB/s     11s[K[?25h[?2026l[?2026h[?25l[A[1Gpulling manifest [K
pulling dec52a44569a:  84% ▕███████████████   ▏ 5.5 GB/6.6 GB   97 MB/s     11s[K[?25h[?2026l[?2026h[?25l[A[1Gpulling manifest [K
pulling dec52a44569a:  84% ▕███████████████   ▏ 5.5 GB/6.6 GB   97 MB/s     11s[K[?25h[?2026l[?2026h[?25l[A[1Gpulling manifest [K
pulling dec52a44569a:  84% ▕███████████████   ▏ 5.5 GB/6.6 GB   98 MB/s     10s[K[?25h[?2026l[?2026h[?25l[A[1Gpulling manifest [K
pulling dec52a44569a:  84% ▕███████████████   ▏ 5.5 GB/6.6 GB   98 MB/s     10s[K[?25h[?2026l[?2026h[?25l[A[1Gpulling manifest [K
pulling dec52a44569a:  84% ▕███████████████   ▏ 5.6 GB/6.6 GB   98 MB/s     10s[K[?25h[?2026l[?2026h[?25l[A[1Gpulling manifest [K
pulling dec52a44569a:  84% ▕███████████████   ▏ 5.6 GB/6.6 GB   98 MB/s     10s[K[?25h[?2026l[?2026h[?25l[A[1Gpulling manifest [K
pulling dec52a44569a:  84% ▕███████████████   ▏ 5.6 GB/6.6 GB   98 MB/s     10s[K[?25h[?2026l[?2026h[?25l[A[1Gpulling manifest [K
pulling dec52a44569a:  85% ▕███████████████   ▏ 5.6 GB/6.6 GB   98 MB/s     10s[K[?25h[?2026l[?2026h[?25l[A[1Gpulling manifest [K
pulling dec52a44569a:  85% ▕███████████████   ▏ 5.6 GB/6.6 GB   98 MB/s     10s[K[?25h[?2026l[?2026h[?25l[A[1Gpulling manifest [K
pulling dec52a44569a:  85% ▕███████████████   ▏ 5.6 GB/6.6 GB   98 MB/s     10s[K[?25h[?2026l[?2026h[?25l[A[1Gpulling manifest [K
pulling dec52a44569a:  85% ▕███████████████   ▏ 5.6 GB/6.6 GB   98 MB/s      9s[K[?25h[?2026l[?2026h[?25l[A[1Gpulling manifest [K
pulling dec52a44569a:  85% ▕███████████████   ▏ 5.6 GB/6.6 GB   98 MB/s      9s[K[?25h[?2026l[?2026h[?25l[A[1Gpulling manifest [K
pulling dec52a44569a:  85% ▕███████████████   ▏ 5.6 GB/6.6 GB   99 MB/s      9s[K[?25h[?2026l[?2026h[?25l[A[1Gpulling manifest [K
pulling dec52a44569a:  86% ▕███████████████   ▏ 5.6 GB/6.6 GB   99 MB/s      9s[K[?25h[?2026l[?2026h[?25l[A[1Gpulling manifest [K
pulling dec52a44569a:  86% ▕███████████████   ▏ 5.7 GB/6.6 GB   99 MB/s      9s[K[?25h[?2026l[?2026h[?25l[A[1Gpulling manifest [K
pulling dec52a44569a:  86% ▕███████████████   ▏ 5.7 GB/6.6 GB   99 MB/s      9s[K[?25h[?2026l[?2026h[?25l[A[1Gpulling manifest [K
pulling dec52a44569a:  86% ▕███████████████   ▏ 5.7 GB/6.6 GB   99 MB/s      9s[K[?25h[?2026l[?2026h[?25l[A[1Gpulling manifest [K
pulling dec52a44569a:  86% ▕███████████████   ▏ 5.7 GB/6.6 GB   99 MB/s      9s[K[?25h[?2026l[?2026h[?25l[A[1Gpulling manifest [K
pulling dec52a44569a:  86% ▕███████████████   ▏ 5.7 GB/6.6 GB   99 MB/s      9s[K[?25h[?2026l[?2026h[?25l[A[1Gpulling manifest [K
pulling dec52a44569a:  86% ▕███████████████   ▏ 5.7 GB/6.6 GB   99 MB/s      8s[K[?25h[?2026l[?2026h[?25l[A[1Gpulling manifest [K
pulling dec52a44569a:  87% ▕███████████████   ▏ 5.7 GB/6.6 GB   99 MB/s      8s[K[?25h[?2026l[?2026h[?25l[A[1Gpulling manifest [K
pulling dec52a44569a:  87% ▕███████████████   ▏ 5.7 GB/6.6 GB   99 MB/s      8s[K[?25h[?2026l[?2026h[?25l[A[1Gpulling manifest [K
pulling dec52a44569a:  87% ▕███████████████   ▏ 5.7 GB/6.6 GB   99 MB/s      8s[K[?25h[?2026l[?2026h[?25l[A[1Gpulling manifest [K
pulling dec52a44569a:  87% ▕███████████████   ▏ 5.7 GB/6.6 GB   99 MB/s      8s[K[?25h[?2026l[?2026h[?25l[A[1Gpulling manifest [K
pulling dec52a44569a:  87% ▕███████████████   ▏ 5.8 GB/6.6 GB   99 MB/s      8s[K[?25h[?2026l[?2026h[?25l[A[1Gpulling manifest [K
pulling dec52a44569a:  87% ▕███████████████   ▏ 5.8 GB/6.6 GB   99 MB/s      8s[K[?25h[?2026l[?2026h[?25l[A[1Gpulling manifest [K
pulling dec52a44569a:  88% ▕███████████████   ▏ 5.8 GB/6.6 GB   99 MB/s      8s[K[?25h[?2026l[?2026h[?25l[A[1Gpulling manifest [K
pulling dec52a44569a:  88% ▕███████████████   ▏ 5.8 GB/6.6 GB   99 MB/s      8s[K[?25h[?2026l[?2026h[?25l[A[1Gpulling manifest [K
pulling dec52a44569a:  88% ▕███████████████   ▏ 5.8 GB/6.6 GB   99 MB/s      7s[K[?25h[?2026l[?2026h[?25l[A[1Gpulling manifest [K
pulling dec52a44569a:  88% ▕███████████████   ▏ 5.8 GB/6.6 GB   99 MB/s      7s[K[?25h[?2026l[?2026h[?25l[A[1Gpulling manifest [K
pulling dec52a44569a:  88% ▕███████████████   ▏ 5.8 GB/6.6 GB   99 MB/s      7s[K[?25h[?2026l[?2026h[?25l[A[1Gpulling manifest [K
pulling dec52a44569a:  88% ▕███████████████   ▏ 5.8 GB/6.6 GB   99 MB/s      7s[K[?25h[?2026l[?2026h[?25l[A[1Gpulling manifest [K
pulling dec52a44569a:  89% ▕███████████████   ▏ 5.8 GB/6.6 GB   99 MB/s      7s[K[?25h[?2026l[?2026h[?25l[A[1Gpulling manifest [K
pulling dec52a44569a:  89% ▕███████████████   ▏ 5.9 GB/6.6 GB  101 MB/s      7s[K[?25h[?2026l[?2026h[?25l[A[1Gpulling manifest [K
pulling dec52a44569a:  89% ▕████████████████  ▏ 5.9 GB/6.6 GB  101 MB/s      7s[K[?25h[?2026l[?2026h[?25l[A[1Gpulling manifest [K
pulling dec52a44569a:  89% ▕████████████████  ▏ 5.9 GB/6.6 GB  101 MB/s      7s[K[?25h[?2026l[?2026h[?25l[A[1Gpulling manifest [K
pulling dec52a44569a:  89% ▕████████████████  ▏ 5.9 GB/6.6 GB  101 MB/s      7s[K[?25h[?2026l[?2026h[?25l[A[1Gpulling manifest [K
pulling dec52a44569a:  89% ▕████████████████  ▏ 5.9 GB/6.6 GB  101 MB/s      6s[K[?25h[?2026l[?2026h[?25l[A[1Gpulling manifest [K
pulling dec52a44569a:  90% ▕████████████████  ▏ 5.9 GB/6.6 GB  101 MB/s      6s[K[?25h[?2026l[?2026h[?25l[A[1Gpulling manifest [K
pulling dec52a44569a:  90% ▕████████████████  ▏ 5.9 GB/6.6 GB  101 MB/s      6s[K[?25h[?2026l[?2026h[?25l[A[1Gpulling manifest [K
pulling dec52a44569a:  90% ▕████████████████  ▏ 5.9 GB/6.6 GB  101 MB/s      6s[K[?25h[?2026l[?2026h[?25l[A[1Gpulling manifest [K
pulling dec52a44569a:  90% ▕████████████████  ▏ 5.9 GB/6.6 GB  101 MB/s      6s[K[?25h[?2026l[?2026h[?25l[A[1Gpulling manifest [K
pulling dec52a44569a:  90% ▕████████████████  ▏ 5.9 GB/6.6 GB  101 MB/s      6s[K[?25h[?2026l[?2026h[?25l[A[1Gpulling manifest [K
pulling dec52a44569a:  90% ▕████████████████  ▏ 6.0 GB/6.6 GB  104 MB/s      6s[K[?25h[?2026l[?2026h[?25l[A[1Gpulling manifest [K
pulling dec52a44569a:  90% ▕████████████████  ▏ 6.0 GB/6.6 GB  104 MB/s      6s[K[?25h[?2026l[?2026h[?25l[A[1Gpulling manifest [K
pulling dec52a44569a:  91% ▕████████████████  ▏ 6.0 GB/6.6 GB  104 MB/s      5s[K[?25h[?2026l[?2026h[?25l[A[1Gpulling manifest [K
pulling dec52a44569a:  91% ▕████████████████  ▏ 6.0 GB/6.6 GB  104 MB/s      5s[K[?25h[?2026l[?2026h[?25l[A[1Gpulling manifest [K
pulling dec52a44569a:  91% ▕████████████████  ▏ 6.0 GB/6.6 GB  104 MB/s      5s[K[?25h[?2026l[?2026h[?25l[A[1Gpulling manifest [K
pulling dec52a44569a:  91% ▕████████████████  ▏ 6.0 GB/6.6 GB  104 MB/s      5s[K[?25h[?2026l[?2026h[?25l[A[1Gpulling manifest [K
pulling dec52a44569a:  91% ▕████████████████  ▏ 6.0 GB/6.6 GB  104 MB/s      5s[K[?25h[?2026l[?2026h[?25l[A[1Gpulling manifest [K
pulling dec52a44569a:  91% ▕████████████████  ▏ 6.0 GB/6.6 GB  104 MB/s      5s[K[?25h[?2026l[?2026h[?25l[A[1Gpulling manifest [K
pulling dec52a44569a:  91% ▕████████████████  ▏ 6.0 GB/6.6 GB  104 MB/s      5s[K[?25h[?2026l[?2026h[?25l[A[1Gpulling manifest [K
pulling dec52a44569a:  92% ▕████████████████  ▏ 6.0 GB/6.6 GB  104 MB/s      5s[K[?25h[?2026l[?2026h[?25l[A[1Gpulling manifest [K
pulling dec52a44569a:  92% ▕████████████████  ▏ 6.0 GB/6.6 GB  103 MB/s      5s[K[?25h[?2026l[?2026h[?25l[A[1Gpulling manifest [K
pulling dec52a44569a:  92% ▕████████████████  ▏ 6.1 GB/6.6 GB  103 MB/s      5s[K[?25h[?2026l[?2026h[?25l[A[1Gpulling manifest [K
pulling dec52a44569a:  92% ▕████████████████  ▏ 6.1 GB/6.6 GB  103 MB/s      5s[K[?25h[?2026l[?2026h[?25l[A[1Gpulling manifest [K
pulling dec52a44569a:  92% ▕████████████████  ▏ 6.1 GB/6.6 GB  103 MB/s      5s[K[?25h[?2026l[?2026h[?25l[A[1Gpulling manifest [K
pulling dec52a44569a:  92% ▕████████████████  ▏ 6.1 GB/6.6 GB  103 MB/s      4s[K[?25h[?2026l[?2026h[?25l[A[1Gpulling manifest [K
pulling dec52a44569a:  93% ▕████████████████  ▏ 6.1 GB/6.6 GB  103 MB/s      4s[K[?25h[?2026l[?2026h[?25l[A[1Gpulling manifest [K
pulling dec52a44569a:  93% ▕████████████████  ▏ 6.1 GB/6.6 GB  103 MB/s      4s[K[?25h[?2026l[?2026h[?25l[A[1Gpulling manifest [K
pulling dec52a44569a:  93% ▕████████████████  ▏ 6.1 GB/6.6 GB  103 MB/s      4s[K[?25h[?2026l[?2026h[?25l[A[1Gpulling manifest [K
pulling dec52a44569a:  93% ▕████████████████  ▏ 6.1 GB/6.6 GB  103 MB/s      4s[K[?25h[?2026l[?2026h[?25l[A[1Gpulling manifest [K
pulling dec52a44569a:  93% ▕████████████████  ▏ 6.1 GB/6.6 GB  103 MB/s      4s[K[?25h[?2026l[?2026h[?25l[A[1Gpulling manifest [K
pulling dec52a44569a:  93% ▕████████████████  ▏ 6.2 GB/6.6 GB  104 MB/s      4s[K[?25h[?2026l[?2026h[?25l[A[1Gpulling manifest [K
pulling dec52a44569a:  94% ▕████████████████  ▏ 6.2 GB/6.6 GB  104 MB/s      4s[K[?25h[?2026l[?2026h[?25l[A[1Gpulling manifest [K
pulling dec52a44569a:  94% ▕████████████████  ▏ 6.2 GB/6.6 GB  104 MB/s      3s[K[?25h[?2026l[?2026h[?25l[A[1Gpulling manifest [K
pulling dec52a44569a:  94% ▕████████████████  ▏ 6.2 GB/6.6 GB  104 MB/s      3s[K[?25h[?2026l[?2026h[?25l[A[1Gpulling manifest [K
pulling dec52a44569a:  94% ▕████████████████  ▏ 6.2 GB/6.6 GB  104 MB/s      3s[K[?25h[?2026l[?2026h[?25l[A[1Gpulling manifest [K
pulling dec52a44569a:  94% ▕████████████████  ▏ 6.2 GB/6.6 GB  104 MB/s      3s[K[?25h[?2026l[?2026h[?25l[A[1Gpulling manifest [K
pulling dec52a44569a:  94% ▕████████████████  ▏ 6.2 GB/6.6 GB  104 MB/s      3s[K[?25h[?2026l[?2026h[?25l[A[1Gpulling manifest [K
pulling dec52a44569a:  95% ▕█████████████████ ▏ 6.2 GB/6.6 GB  104 MB/s      3s[K[?25h[?2026l[?2026h[?25l[A[1Gpulling manifest [K
pulling dec52a44569a:  95% ▕█████████████████ ▏ 6.2 GB/6.6 GB  104 MB/s      3s[K[?25h[?2026l[?2026h[?25l[A[1Gpulling manifest [K
pulling dec52a44569a:  95% ▕█████████████████ ▏ 6.3 GB/6.6 GB  104 MB/s      3s[K[?25h[?2026l[?2026h[?25l[A[1Gpulling manifest [K
pulling dec52a44569a:  95% ▕█████████████████ ▏ 6.3 GB/6.6 GB  105 MB/s      3s[K[?25h[?2026l[?2026h[?25l[A[1Gpulling manifest [K
pulling dec52a44569a:  95% ▕█████████████████ ▏ 6.3 GB/6.6 GB  105 MB/s      3s[K[?25h[?2026l[?2026h[?25l[A[1Gpulling manifest [K
pulling dec52a44569a:  95% ▕█████████████████ ▏ 6.3 GB/6.6 GB  105 MB/s      2s[K[?25h[?2026l[?2026h[?25l[A[1Gpulling manifest [K
pulling dec52a44569a:  96% ▕█████████████████ ▏ 6.3 GB/6.6 GB  105 MB/s      2s[K[?25h[?2026l[?2026h[?25l[A[1Gpulling manifest [K
pulling dec52a44569a:  96% ▕█████████████████ ▏ 6.3 GB/6.6 GB  105 MB/s      2s[K[?25h[?2026l[?2026h[?25l[A[1Gpulling manifest [K
pulling dec52a44569a:  96% ▕█████████████████ ▏ 6.3 GB/6.6 GB  105 MB/s      2s[K[?25h[?2026l[?2026h[?25l[A[1Gpulling manifest [K
pulling dec52a44569a:  96% ▕█████████████████ ▏ 6.3 GB/6.6 GB  105 MB/s      2s[K[?25h[?2026l[?2026h[?25l[A[1Gpulling manifest [K
pulling dec52a44569a:  96% ▕█████████████████ ▏ 6.3 GB/6.6 GB  105 MB/s      2s[K[?25h[?2026l[?2026h[?25l[A[1Gpulling manifest [K
pulling dec52a44569a:  96% ▕█████████████████ ▏ 6.4 GB/6.6 GB  105 MB/s      2s[K[?25h[?2026l[?2026h[?25l[A[1Gpulling manifest [K
pulling dec52a44569a:  97% ▕█████████████████ ▏ 6.4 GB/6.6 GB  105 MB/s      2s[K[?25h[?2026l[?2026h[?25l[A[1Gpulling manifest [K
pulling dec52a44569a:  97% ▕█████████████████ ▏ 6.4 GB/6.6 GB  105 MB/s      2s[K[?25h[?2026l[?2026h[?25l[A[1Gpulling manifest [K
pulling dec52a44569a:  97% ▕█████████████████ ▏ 6.4 GB/6.6 GB  106 MB/s      1s[K[?25h[?2026l[?2026h[?25l[A[1Gpulling manifest [K
pulling dec52a44569a:  97% ▕█████████████████ ▏ 6.4 GB/6.6 GB  106 MB/s      1s[K[?25h[?2026l[?2026h[?25l[A[1Gpulling manifest [K
pulling dec52a44569a:  97% ▕█████████████████ ▏ 6.4 GB/6.6 GB  106 MB/s      1s[K[?25h[?2026l[?2026h[?25l[A[1Gpulling manifest [K
pulling dec52a44569a:  97% ▕█████████████████ ▏ 6.4 GB/6.6 GB  106 MB/s      1s[K[?25h[?2026l[?2026h[?25l[A[1Gpulling manifest [K
pulling dec52a44569a:  97% ▕█████████████████ ▏ 6.4 GB/6.6 GB  106 MB/s      1s[K[?25h[?2026l[?2026h[?25l[A[1Gpulling manifest [K
pulling dec52a44569a:  97% ▕█████████████████ ▏ 6.4 GB/6.6 GB  106 MB/s      1s[K[?25h[?2026l[?2026h[?25l[A[1Gpulling manifest [K
pulling dec52a44569a:  98% ▕█████████████████ ▏ 6.4 GB/6.6 GB  106 MB/s      1s[K[?25h[?2026l[?2026h[?25l[A[1Gpulling manifest [K
pulling dec52a44569a:  98% ▕█████████████████ ▏ 6.4 GB/6.6 GB  106 MB/s      1s[K[?25h[?2026l[?2026h[?25l[A[1Gpulling manifest [K
pulling dec52a44569a:  98% ▕█████████████████ ▏ 6.5 GB/6.6 GB  106 MB/s      1s[K[?25h[?2026l[?2026h[?25l[A[1Gpulling manifest [K
pulling dec52a44569a:  98% ▕█████████████████ ▏ 6.5 GB/6.6 GB  106 MB/s      1s[K[?25h[?2026l[?2026h[?25l[A[1Gpulling manifest [K
pulling dec52a44569a:  98% ▕█████████████████ ▏ 6.5 GB/6.6 GB  104 MB/s      1s[K[?25h[?2026l[?2026h[?25l[A[1Gpulling manifest [K
pulling dec52a44569a:  98% ▕█████████████████ ▏ 6.5 GB/6.6 GB  104 MB/s      1s[K[?25h[?2026l[?2026h[?25l[A[1Gpulling manifest [K
pulling dec52a44569a:  98% ▕█████████████████ ▏ 6.5 GB/6.6 GB  104 MB/s      0s[K[?25h[?2026l[?2026h[?25l[A[1Gpulling manifest [K
pulling dec52a44569a:  99% ▕█████████████████ ▏ 6.5 GB/6.6 GB  104 MB/s      0s[K[?25h[?2026l[?2026h[?25l[A[1Gpulling manifest [K
pulling dec52a44569a:  99% ▕█████████████████ ▏ 6.5 GB/6.6 GB  104 MB/s      0s[K[?25h[?2026l[?2026h[?25l[A[1Gpulling manifest [K
pulling dec52a44569a:  99% ▕█████████████████ ▏ 6.5 GB/6.6 GB  104 MB/s      0s[K[?25h[?2026l[?2026h[?25l[A[1Gpulling manifest [K
pulling dec52a44569a:  99% ▕█████████████████ ▏ 6.5 GB/6.6 GB  104 MB/s      0s[K[?25h[?2026l[?2026h[?25l[A[1Gpulling manifest [K
pulling dec52a44569a:  99% ▕█████████████████ ▏ 6.5 GB/6.6 GB  104 MB/s      0s[K[?25h[?2026l[?2026h[?25l[A[1Gpulling manifest [K
pulling dec52a44569a:  99% ▕█████████████████ ▏ 6.5 GB/6.6 GB  104 MB/s      0s[K[?25h[?2026l[?2026h[?25l[A[1Gpulling manifest [K
pulling dec52a44569a:  99% ▕█████████████████ ▏ 6.5 GB/6.6 GB  104 MB/s      0s[K[?25h[?2026l[?2026h[?25l[A[1Gpulling manifest [K
pulling dec52a44569a:  99% ▕█████████████████ ▏ 6.5 GB/6.6 GB  101 MB/s      0s[K[?25h[?2026l[?2026h[?25l[A[1Gpulling manifest [K
pulling dec52a44569a:  99% ▕█████████████████ ▏ 6.6 GB/6.6 GB  101 MB/s      0s[K[?25h[?2026l[?2026h[?25l[A[1Gpulling manifest [K
pulling dec52a44569a: 100% ▕█████████████████ ▏ 6.6 GB/6.6 GB  101 MB/s      0s[K[?25h[?2026l[?2026h[?25l[A[1Gpulling manifest [K
pulling dec52a44569a: 100% ▕█████████████████ ▏ 6.6 GB/6.6 GB  101 MB/s      0s[K[?25h[?2026l[?2026h[?25l[A[1Gpulling manifest [K
pulling dec52a44569a: 100% ▕█████████████████ ▏ 6.6 GB/6.6 GB  101 MB/s      0s[K[?25h[?2026l[?2026h[?25l[A[1Gpulling manifest [K
pulling dec52a44569a: 100% ▕██████████████████▏ 6.6 GB                         [K[?25h[?2026l[?2026h[?25l[A[1Gpulling manifest [K
pulling dec52a44569a: 100% ▕██████████████████▏ 6.6 GB                         [K[?25h[?2026l[?2026h[?25l[A[1Gpulling manifest [K
pulling dec52a44569a: 100% ▕██████████████████▏ 6.6 GB                         [K[?25h[?2026l[?2026h[?25l[A[1Gpulling manifest [K
pulling dec52a44569a: 100% ▕██████████████████▏ 6.6 GB                         [K[?25h[?2026l[?2026h[?25l[A[1Gpulling manifest [K
pulling dec52a44569a: 100% ▕██████████████████▏ 6.6 GB                         [K[?25h[?2026l[?2026h[?25l[A[1Gpulling manifest [K
pulling dec52a44569a: 100% ▕██████████████████▏ 6.6 GB                         [K[?25h[?2026l[?2026h[?25l[A[1Gpulling manifest [K
pulling dec52a44569a: 100% ▕██████████████████▏ 6.6 GB                         [K[?25h[?2026l[?2026h[?25l[A[1Gpulling manifest [K
pulling dec52a44569a: 100% ▕██████████████████▏ 6.6 GB                         [K[?25h[?2026l[?2026h[?25l[A[1Gpulling manifest [K
pulling dec52a44569a: 100% ▕██████████████████▏ 6.6 GB                         [K[?25h[?2026l[?2026h[?25l[A[1Gpulling manifest [K
pulling dec52a44569a: 100% ▕██████████████████▏ 6.6 GB                         [K[?25h[?2026l[?2026h[?25l[A[1Gpulling manifest [K
pulling dec52a44569a: 100% ▕██████████████████▏ 6.6 GB                         [K[?25h[?2026l[?2026h[?25l[A[1Gpulling manifest [K
pulling dec52a44569a: 100% ▕██████████████████▏ 6.6 GB                         [K[?25h[?2026l[?2026h[?25l[A[1Gpulling manifest [K
pulling dec52a44569a: 100% ▕██████████████████▏ 6.6 GB                         [K[?25h[?2026l[?2026h[?25l[A[1Gpulling manifest [K
pulling dec52a44569a: 100% ▕██████████████████▏ 6.6 GB                         [K[?25h[?2026l[?2026h[?25l[A[1Gpulling manifest [K
pulling dec52a44569a: 100% ▕██████████████████▏ 6.6 GB                         [K[?25h[?2026l[?2026h[?25l[A[1Gpulling manifest [K
pulling dec52a44569a: 100% ▕██████████████████▏ 6.6 GB                         [K[?25h[?2026l[?2026h[?25l[A[1Gpulling manifest [K
pulling dec52a44569a: 100% ▕██████████████████▏ 6.6 GB                         [K[?25h[?2026l[?2026h[?25l[A[1Gpulling manifest [K
pulling dec52a44569a: 100% ▕██████████████████▏ 6.6 GB                         [K[?25h[?2026l[?2026h[?25l[A[1Gpulling manifest [K
pulling dec52a44569a: 100% ▕██████████████████▏ 6.6 GB                         [K[?25h[?2026l[?2026h[?25l[A[1Gpulling manifest [K
pulling dec52a44569a: 100% ▕██████████████████▏ 6.6 GB                         [K[?25h[?2026l[?2026h[?25l[A[1Gpulling manifest [K
pulling dec52a44569a: 100% ▕██████████████████▏ 6.6 GB                         [K[?25h[?2026l[?2026h[?25l[A[1Gpulling manifest [K
pulling dec52a44569a: 100% ▕██████████████████▏ 6.6 GB                         [K[?25h[?2026l[?2026h[?25l[A[1Gpulling manifest [K
pulling dec52a44569a: 100% ▕██████████████████▏ 6.6 GB                         [K[?25h[?2026l[?2026h[?25l[A[1Gpulling manifest [K
pulling dec52a44569a: 100% ▕██████████████████▏ 6.6 GB                         [K[?25h[?2026l[?2026h[?25l[A[1Gpulling manifest [K
pulling dec52a44569a: 100% ▕██████████████████▏ 6.6 GB                         [K[?25h[?2026l[?2026h[?25l[A[1Gpulling manifest [K
pulling dec52a44569a: 100% ▕██████████████████▏ 6.6 GB                         [K[?25h[?2026l[?2026h[?25l[A[1Gpulling manifest [K
pulling dec52a44569a: 100% ▕██████████████████▏ 6.6 GB                         [K[?25h[?2026l[?2026h[?25l[A[1Gpulling manifest [K
pulling dec52a44569a: 100% ▕██████████████████▏ 6.6 GB                         [K[?25h[?2026l[?2026h[?25l[A[1Gpulling manifest [K
pulling dec52a44569a: 100% ▕██████████████████▏ 6.6 GB                         [K[?25h[?2026l[?2026h[?25l[A[1Gpulling manifest [K
pulling dec52a44569a: 100% ▕██████████████████▏ 6.6 GB                         [K[?25h[?2026l[?2026h[?25l[A[1Gpulling manifest [K
pulling dec52a44569a: 100% ▕██████████████████▏ 6.6 GB                         [K[?25h[?2026l[?2026h[?25l[A[1Gpulling manifest [K
pulling dec52a44569a: 100% ▕██████████████████▏ 6.6 GB                         [K
verifying sha256 digest ⠋ [K[?25h[?2026l[?2026h[?25l[A[A[1Gpulling manifest [K
pulling dec52a44569a: 100% ▕██████████████████▏ 6.6 GB                         [K
verifying sha256 digest ⠙ [K[?25h[?2026l[?2026h[?25l[A[A[1Gpulling manifest [K
pulling dec52a44569a: 100% ▕██████████████████▏ 6.6 GB                         [K
verifying sha256 digest ⠹ [K[?25h[?2026l[?2026h[?25l[A[A[1Gpulling manifest [K
pulling dec52a44569a: 100% ▕██████████████████▏ 6.6 GB                         [K
verifying sha256 digest ⠸ [K[?25h[?2026l[?2026h[?25l[A[A[1Gpulling manifest [K
pulling dec52a44569a: 100% ▕██████████████████▏ 6.6 GB                         [K
verifying sha256 digest ⠼ [K[?25h[?2026l[?2026h[?25l[A[A[1Gpulling manifest [K
pulling dec52a44569a: 100% ▕██████████████████▏ 6.6 GB                         [K
verifying sha256 digest ⠴ [K[?25h[?2026l[?2026h[?25l[A[A[1Gpulling manifest [K
pulling dec52a44569a: 100% ▕██████████████████▏ 6.6 GB                         [K
verifying sha256 digest ⠦ [K[?25h[?2026l[?2026h[?25l[A[A[1Gpulling manifest [K
pulling dec52a44569a: 100% ▕██████████████████▏ 6.6 GB                         [K
verifying sha256 digest ⠧ [K[?25h[?2026l[?2026h[?25l[A[A[1Gpulling manifest [K
pulling dec52a44569a: 100% ▕██████████████████▏ 6.6 GB                         [K
verifying sha256 digest ⠇ [K[?25h[?2026l[?2026h[?25l[A[A[1Gpulling manifest [K
pulling dec52a44569a: 100% ▕██████████████████▏ 6.6 GB                         [K
verifying sha256 digest ⠏ [K[?25h[?2026l[?2026h[?25l[A[A[1Gpulling manifest [K
pulling dec52a44569a: 100% ▕██████████████████▏ 6.6 GB                         [K
verifying sha256 digest ⠋ [K[?25h[?2026l[?2026h[?25l[A[A[1Gpulling manifest [K
pulling dec52a44569a: 100% ▕██████████████████▏ 6.6 GB                         [K
verifying sha256 digest ⠙ [K[?25h[?2026l[?2026h[?25l[A[A[1Gpulling manifest [K
pulling dec52a44569a: 100% ▕██████████████████▏ 6.6 GB                         [K
verifying sha256 digest ⠹ [K[?25h[?2026l[?2026h[?25l[A[A[1Gpulling manifest [K
pulling dec52a44569a: 100% ▕██████████████████▏ 6.6 GB                         [K
verifying sha256 digest ⠸ [K[?25h[?2026l[?2026h[?25l[A[A[1Gpulling manifest [K
pulling dec52a44569a: 100% ▕██████████████████▏ 6.6 GB                         [K
verifying sha256 digest ⠼ [K[?25h[?2026l[?2026h[?25l[A[A[1Gpulling manifest [K
pulling dec52a44569a: 100% ▕██████████████████▏ 6.6 GB                         [K
verifying sha256 digest ⠴ [K[?25h[?2026l[?2026h[?25l[A[A[1Gpulling manifest [K
pulling dec52a44569a: 100% ▕██████████████████▏ 6.6 GB                         [K
verifying sha256 digest ⠦ [K[?25h[?2026l[?2026h[?25l[A[A[1Gpulling manifest [K
pulling dec52a44569a: 100% ▕██████████████████▏ 6.6 GB                         [K
verifying sha256 digest ⠧ [K[?25h[?2026l[?2026h[?25l[A[A[1Gpulling manifest [K
pulling dec52a44569a: 100% ▕██████████████████▏ 6.6 GB                         [K
verifying sha256 digest ⠇ [K[?25h[?2026l[?2026h[?25l[A[A[1Gpulling manifest [K
pulling dec52a44569a: 100% ▕██████████████████▏ 6.6 GB                         [K
verifying sha256 digest ⠏ [K[?25h[?2026l[?2026h[?25l[A[A[1Gpulling manifest [K
pulling dec52a44569a: 100% ▕██████████████████▏ 6.6 GB                         [K
verifying sha256 digest ⠋ [K[?25h[?2026l[?2026h[?25l[A[A[1Gpulling manifest [K
pulling dec52a44569a: 100% ▕██████████████████▏ 6.6 GB                         [K
verifying sha256 digest ⠙ [K[?25h[?2026l[?2026h[?25l[A[A[1Gpulling manifest [K
pulling dec52a44569a: 100% ▕██████████████████▏ 6.6 GB                         [K
verifying sha256 digest ⠹ [K[?25h[?2026l[?2026h[?25l[A[A[1Gpulling manifest [K
pulling dec52a44569a: 100% ▕██████████████████▏ 6.6 GB                         [K
verifying sha256 digest ⠸ [K[?25h[?2026l[?2026h[?25l[A[A[1Gpulling manifest [K
pulling dec52a44569a: 100% ▕██████████████████▏ 6.6 GB                         [K
verifying sha256 digest [K
writing manifest [K
success [K[?25h[?2026l
