[?2026h[?25l[1Gpulling manifest ⠋ [K[?25h[?2026l[?2026h[?25l[1Gpulling manifest ⠙ [K[?25h[?2026l[?2026h[?25l[1Gpulling manifest ⠹ [K[?25h[?2026l[?2026h[?25l[1Gpulling manifest ⠸ [K[?25h[?2026l[?2026h[?25l[1Gpulling manifest ⠼ [K[?25h[?2026l[?2026h[?25l[1Gpulling manifest ⠴ [K[?25h[?2026l[?2026h[?25l[1Gpulling manifest ⠦ [K[?25h[?2026l[?2026h[?25l[1Gpulling manifest ⠧ [K[?25h[?2026l[?2026h[?25l[1Gpulling manifest ⠇ [K[?25h[?2026l[?2026h[?25l[1Gpulling manifest ⠏ [K[?25h[?2026l[?2026h[?25l[1Gpulling manifest ⠋ [K[?25h[?2026l[?2026h[?25l[1Gpulling manifest ⠙ [K[?25h[?2026l[?2026h[?25l[1Gpulling manifest ⠹ [K[?25h[?2026l[?2026h[?25l[1Gpulling manifest ⠸ [K[?25h[?2026l[?2026h[?25l[1Gpulling manifest ⠼ [K[?25h[?2026l[?2026h[?25l[1Gpulling manifest ⠴ [K[?25h[?2026l[?2026h[?25l[1Gpulling manifest ⠦ [K[?25h[?2026l[?2026h[?25l[1Gpulling manifest ⠧ [K[?25h[?2026l[?2026h[?25l[1Gpulling manifest ⠇ [K[?25h[?2026l[?2026h[?25l[1Gpulling manifest ⠏ [K[?25h[?2026l[?2026h[?25l[1Gpulling manifest ⠋ [K[?25h[?2026l[?2026h[?25l[1Gpulling manifest ⠙ [K[?25h[?2026l[?2026h[?25l[1Gpulling manifest ⠹ [K[?25h[?2026l[?2026h[?25l[1Gpulling manifest ⠸ [K[?25h[?2026l[?2026h[?25l[1Gpulling manifest ⠼ [K[?25h[?2026l[?2026h[?25l[1Gpulling manifest ⠴ [K[?25h[?2026l[?2026h[?25l[1Gpulling manifest ⠦ [K[?25h[?2026l[?2026h[?25l[1Gpulling manifest ⠧ [K[?25h[?2026l[?2026h[?25l[1Gpulling manifest ⠇ [K[?25h[?2026l[?2026h[?25l[1Gpulling manifest ⠏ [K[?25h[?2026l[?2026h[?25l[1Gpulling manifest ⠋ [K[?25h[?2026l[?2026h[?25l[1Gpulling manifest [K
pulling ac9bc7a69dab:   0% ▕                  ▏ 5.6 MB/9.0 GB                  [K[?25h[?2026l[?2026h[?25l[A[1Gpulling manifest [K
pulling ac9bc7a69dab:   0% ▕                  ▏  18 MB/9.0 GB                  [K[?25h[?2026l[?2026h[?25l[A[1Gpulling manifest [K
pulling ac9bc7a69dab:   0% ▕                  ▏  32 MB/9.0 GB                  [K[?25h[?2026l[?2026h[?25l[A[1Gpulling manifest [K
pulling ac9bc7a69dab:   0% ▕                  ▏  39 MB/9.0 GB                  [K[?25h[?2026l[?2026h[?25l[A[1Gpulling manifest [K
pulling ac9bc7a69dab:   1% ▕                  ▏  51 MB/9.0 GB                  [K[?25h[?2026l[?2026h[?25l[A[1Gpulling manifest [K
pulling ac9bc7a69dab:   1% ▕                  ▏  57 MB/9.0 GB                  [K[?25h[?2026l[?2026h[?25l[A[1Gpulling manifest [K
pulling ac9bc7a69dab:   1% ▕                  ▏  69 MB/9.0 GB                  [K[?25h[?2026l[?2026h[?25l[A[1Gpulling manifest [K
pulling ac9bc7a69dab:   1% ▕                  ▏  81 MB/9.0 GB                  [K[?25h[?2026l[?2026h[?25l[A[1Gpulling manifest [K
pulling ac9bc7a69dab:   1% ▕                  ▏  93 MB/9.0 GB                  [K[?25h[?2026l[?2026h[?25l[A[1Gpulling manifest [K
pulling ac9bc7a69dab:   1% ▕                  ▏  99 MB/9.0 GB                  [K[?25h[?2026l[?2026h[?25l[A[1Gpulling manifest [K
pulling ac9bc7a69dab:   1% ▕                  ▏ 111 MB/9.0 GB  102 MB/s   1m26s[K[?25h[?2026l[?2026h[?25l[A[1Gpulling manifest [K
pulling ac9bc7a69dab:   1% ▕                  ▏ 124 MB/9.0 GB  102 MB/s   1m26s[K[?25h[?2026l[?2026h[?25l[A[1Gpulling manifest [K
pulling ac9bc7a69dab:   1% ▕                  ▏ 131 MB/9.0 GB  102 MB/s   1m26s[K[?25h[?2026l[?2026h[?25l[A[1Gpulling manifest [K
pulling ac9bc7a69dab:   2% ▕                  ▏ 143 MB/9.0 GB  102 MB/s   1m26s[K[?25h[?2026l[?2026h[?25l[A[1Gpulling manifest [K
pulling ac9bc7a69dab:   2% ▕                  ▏ 149 MB/9.0 GB  102 MB/s   1m26s[K[?25h[?2026l[?2026h[?25l[A[1Gpulling manifest [K
pulling ac9bc7a69dab:   2% ▕                  ▏ 162 MB/9.0 GB  102 MB/s   1m25s[K[?25h[?2026l[?2026h[?25l[A[1Gpulling manifest [K
pulling ac9bc7a69dab:   2% ▕                  ▏ 174 MB/9.0 GB  102 MB/s   1m25s[K[?25h[?2026l[?2026h[?25l[A[1Gpulling manifest [K
pulling ac9bc7a69dab:   2% ▕                  ▏ 186 MB/9.0 GB  102 MB/s   1m25s[K[?25h[?2026l[?2026h[?25l[A[1Gpulling manifest [K
pulling ac9bc7a69dab:   2% ▕                  ▏ 191 MB/9.0 GB  102 MB/s   1m25s[K[?25h[?2026l[?2026h[?25l[A[1Gpulling manifest [K
pulling ac9bc7a69dab:   2% ▕                  ▏ 200 MB/9.0 GB  102 MB/s   1m25s[K[?25h[?2026l[?2026h[?25l[A[1Gpulling manifest [K
pulling ac9bc7a69dab:   2% ▕                  ▏ 205 MB/9.0 GB   99 MB/s   1m28s[K[?25h[?2026l[?2026h[?25l[A[1Gpulling manifest [K
pulling ac9bc7a69dab:   2% ▕                  ▏ 211 MB/9.0 GB   99 MB/s   1m28s[K[?25h[?2026l[?2026h[?25l[A[1Gpulling manifest [K
pulling ac9bc7a69dab:   2% ▕                  ▏ 224 MB/9.0 GB   99 MB/s   1m28s[K[?25h[?2026l[?2026h[?25l[A[1Gpulling manifest [K
pulling ac9bc7a69dab:   3% ▕                  ▏ 236 MB/9.0 GB   99 MB/s   1m28s[K[?25h[?2026l[?2026h[?25l[A[1Gpulling manifest [K
pulling ac9bc7a69dab:   3% ▕                  ▏ 243 MB/9.0 GB   99 MB/s   1m27s[K[?25h[?2026l[?2026h[?25l[A[1Gpulling manifest [K
pulling ac9bc7a69dab:   3% ▕                  ▏ 253 MB/9.0 GB   99 MB/s   1m27s[K[?25h[?2026l[?2026h[?25l[A[1Gpulling manifest [K
pulling ac9bc7a69dab:   3% ▕                  ▏ 265 MB/9.0 GB   99 MB/s   1m27s[K[?25h[?2026l[?2026h[?25l[A[1Gpulling manifest [K
pulling ac9bc7a69dab:   3% ▕                  ▏ 271 MB/9.0 GB   99 MB/s   1m27s[K[?25h[?2026l[?2026h[?25l[A[1Gpulling manifest [K
pulling ac9bc7a69dab:   3% ▕                  ▏ 283 MB/9.0 GB   99 MB/s   1m27s[K[?25h[?2026l[?2026h[?25l[A[1Gpulling manifest [K
pulling ac9bc7a69dab:   3% ▕                  ▏ 294 MB/9.0 GB   99 MB/s   1m27s[K[?25h[?2026l[?2026h[?25l[A[1Gpulling manifest [K
pulling ac9bc7a69dab:   3% ▕                  ▏ 301 MB/9.0 GB   99 MB/s   1m26s[K[?25h[?2026l[?2026h[?25l[A[1Gpulling manifest [K
pulling ac9bc7a69dab:   3% ▕                  ▏ 313 MB/9.0 GB   99 MB/s   1m26s[K[?25h[?2026l[?2026h[?25l[A[1Gpulling manifest [K
pulling ac9bc7a69dab:   4% ▕                  ▏ 326 MB/9.0 GB   99 MB/s   1m26s[K[?25h[?2026l[?2026h[?25l[A[1Gpulling manifest [K
pulling ac9bc7a69dab:   4% ▕                  ▏ 333 MB/9.0 GB   99 MB/s   1m26s[K[?25h[?2026l[?2026h[?25l[A[1Gpulling manifest [K
pulling ac9bc7a69dab:   4% ▕                  ▏ 345 MB/9.0 GB   99 MB/s   1m26s[K[?25h[?2026l[?2026h[?25l[A[1Gpulling manifest [K
pulling ac9bc7a69dab:   4% ▕                  ▏ 357 MB/9.0 GB   99 MB/s   1m26s[K[?25h[?2026l[?2026h[?25l[A[1Gpulling manifest [K
pulling ac9bc7a69dab:   4% ▕                  ▏ 363 MB/9.0 GB   99 MB/s   1m26s[K[?25h[?2026l[?2026h[?25l[A[1Gpulling manifest [K
pulling ac9bc7a69dab:   4% ▕                  ▏ 377 MB/9.0 GB   99 MB/s   1m26s[K[?25h[?2026l[?2026h[?25l[A[1Gpulling manifest [K
pulling ac9bc7a69dab:   4% ▕                  ▏ 390 MB/9.0 GB   99 MB/s   1m25s[K[?25h[?2026l[?2026h[?25l[A[1Gpulling manifest [K
pulling ac9bc7a69dab:   4% ▕                  ▏ 397 MB/9.0 GB   99 MB/s   1m25s[K[?25h[?2026l[?2026h[?25l[A[1Gpulling manifest [K
pulling ac9bc7a69dab:   5% ▕                  ▏ 409 MB/9.0 GB  101 MB/s   1m24s[K[?25h[?2026l[?2026h[?25l[A[1Gpulling manifest [K
pulling ac9bc7a69dab:   5% ▕                  ▏ 421 MB/9.0 GB  101 MB/s   1m24s[K[?25h[?2026l[?2026h[?25l[A[1Gpulling manifest [K
pulling ac9bc7a69dab:   5% ▕                  ▏ 428 MB/9.0 GB  101 MB/s   1m24s[K[?25h[?2026l[?2026h[?25l[A[1Gpulling manifest [K
pulling ac9bc7a69dab:   5% ▕                  ▏ 441 MB/9.0 GB  101 MB/s   1m23s[K[?25h[?2026l[?2026h[?25l[A[1Gpulling manifest [K
pulling ac9bc7a69dab:   5% ▕                  ▏ 454 MB/9.0 GB  101 MB/s   1m23s[K[?25h[?2026l[?2026h[?25l[A[1Gpulling manifest [K
pulling ac9bc7a69dab:   5% ▕                  ▏ 460 MB/9.0 GB  101 MB/s   1m23s[K[?25h[?2026l[?2026h[?25l[A[1Gpulling manifest [K
pulling ac9bc7a69dab:   5% ▕                  ▏ 473 MB/9.0 GB  101 MB/s   1m23s[K[?25h[?2026l[?2026h[?25l[A[1Gpulling manifest [K
pulling ac9bc7a69dab:   5% ▕                  ▏ 486 MB/9.0 GB  101 MB/s   1m23s[K[?25h[?2026l[?2026h[?25l[A[1Gpulling manifest [K
pulling ac9bc7a69dab:   5% ▕                  ▏ 493 MB/9.0 GB  101 MB/s   1m23s[K[?25h[?2026l[?2026h[?25l[A[1Gpulling manifest [K
pulling ac9bc7a69dab:   6% ▕█                 ▏ 505 MB/9.0 GB  101 MB/s   1m23s[K[?25h[?2026l[?2026h[?25l[A[1Gpulling manifest [K
pulling ac9bc7a69dab:   6% ▕█                 ▏ 518 MB/9.0 GB  103 MB/s   1m21s[K[?25h[?2026l[?2026h[?25l[A[1Gpulling manifest [K
pulling ac9bc7a69dab:   6% ▕█                 ▏ 524 MB/9.0 GB  103 MB/s   1m21s[K[?25h[?2026l[?2026h[?25l[A[1Gpulling manifest [K
pulling ac9bc7a69dab:   6% ▕█                 ▏ 536 MB/9.0 GB  103 MB/s   1m21s[K[?25h[?2026l[?2026h[?25l[A[1Gpulling manifest [K
pulling ac9bc7a69dab:   6% ▕█                 ▏ 549 MB/9.0 GB  103 MB/s   1m21s[K[?25h[?2026l[?2026h[?25l[A[1Gpulling manifest [K
pulling ac9bc7a69dab:   6% ▕█                 ▏ 556 MB/9.0 GB  103 MB/s   1m21s[K[?25h[?2026l[?2026h[?25l[A[1Gpulling manifest [K
pulling ac9bc7a69dab:   6% ▕█                 ▏ 568 MB/9.0 GB  103 MB/s   1m21s[K[?25h[?2026l[?2026h[?25l[A[1Gpulling manifest [K
pulling ac9bc7a69dab:   6% ▕█                 ▏ 581 MB/9.0 GB  103 MB/s   1m21s[K[?25h[?2026l[?2026h[?25l[A[1Gpulling manifest [K
pulling ac9bc7a69dab:   7% ▕█                 ▏ 586 MB/9.0 GB  103 MB/s   1m21s[K[?25h[?2026l[?2026h[?25l[A[1Gpulling manifest [K
pulling ac9bc7a69dab:   7% ▕█                 ▏ 599 MB/9.0 GB  103 MB/s   1m21s[K[?25h[?2026l[?2026h[?25l[A[1Gpulling manifest [K
pulling ac9bc7a69dab:   7% ▕█                 ▏ 612 MB/9.0 GB  103 MB/s   1m21s[K[?25h[?2026l[?2026h[?25l[A[1Gpulling manifest [K
pulling ac9bc7a69dab:   7% ▕█                 ▏ 619 MB/9.0 GB  103 MB/s   1m20s[K[?25h[?2026l[?2026h[?25l[A[1Gpulling manifest [K
pulling ac9bc7a69dab:   7% ▕█                 ▏ 631 MB/9.0 GB  104 MB/s   1m20s[K[?25h[?2026l[?2026h[?25l[A[1Gpulling manifest [K
pulling ac9bc7a69dab:   7% ▕█                 ▏ 644 MB/9.0 GB  104 MB/s   1m20s[K[?25h[?2026l[?2026h[?25l[A[1Gpulling manifest [K
pulling ac9bc7a69dab:   7% ▕█                 ▏ 651 MB/9.0 GB  104 MB/s   1m20s[K[?25h[?2026l[?2026h[?25l[A[1Gpulling manifest [K
pulling ac9bc7a69dab:   7% ▕█                 ▏ 664 MB/9.0 GB  104 MB/s   1m20s[K[?25h[?2026l[?2026h[?25l[A[1Gpulling manifest [K
pulling ac9bc7a69dab:   7% ▕█                 ▏ 670 MB/9.0 GB  104 MB/s   1m19s[K[?25h[?2026l[?2026h[?25l[A[1Gpulling manifest [K
pulling ac9bc7a69dab:   8% ▕█                 ▏ 682 MB/9.0 GB  104 MB/s   1m19s[K[?25h[?2026l[?2026h[?25l[A[1Gpulling manifest [K
pulling ac9bc7a69dab:   8% ▕█                 ▏ 695 MB/9.0 GB  104 MB/s   1m19s[K[?25h[?2026l[?2026h[?25l[A[1Gpulling manifest [K
pulling ac9bc7a69dab:   8% ▕█                 ▏ 709 MB/9.0 GB  104 MB/s   1m19s[K[?25h[?2026l[?2026h[?25l[A[1Gpulling manifest [K
pulling ac9bc7a69dab:   8% ▕█                 ▏ 715 MB/9.0 GB  104 MB/s   1m19s[K[?25h[?2026l[?2026h[?25l[A[1Gpulling manifest [K
pulling ac9bc7a69dab:   8% ▕█                 ▏ 727 MB/9.0 GB  104 MB/s   1m19s[K[?25h[?2026l[?2026h[?25l[A[1Gpulling manifest [K
pulling ac9bc7a69dab:   8% ▕█                 ▏ 741 MB/9.0 GB  104 MB/s   1m18s[K[?25h[?2026l[?2026h[?25l[A[1Gpulling manifest [K
pulling ac9bc7a69dab:   8% ▕█                 ▏ 747 MB/9.0 GB  104 MB/s   1m18s[K[?25h[?2026l[?2026h[?25l[A[1Gpulling manifest [K
pulling ac9bc7a69dab:   8% ▕█                 ▏ 759 MB/9.0 GB  104 MB/s   1m18s[K[?25h[?2026l[?2026h[?25l[A[1Gpulling manifest [K
pulling ac9bc7a69dab:   9% ▕█                 ▏ 772 MB/9.0 GB  104 MB/s   1m18s[K[?25h[?2026l[?2026h[?25l[A[1Gpulling manifest [K
pulling ac9bc7a69dab:   9% ▕█                 ▏ 778 MB/9.0 GB  104 MB/s   1m18s[K[?25h[?2026l[?2026h[?25l[A[1Gpulling manifest [K
pulling ac9bc7a69dab:   9% ▕█                 ▏ 790 MB/9.0 GB  104 MB/s   1m18s[K[?25h[?2026l[?2026h[?25l[A[1Gpulling manifest [K
pulling ac9bc7a69dab:   9% ▕█                 ▏ 803 MB/9.0 GB  104 MB/s   1m18s[K[?25h[?2026l[?2026h[?25l[A[1Gpulling manifest [K
pulling ac9bc7a69dab:   9% ▕█                 ▏ 810 MB/9.0 GB  104 MB/s   1m18s[K[?25h[?2026l[?2026h[?25l[A[1Gpulling manifest [K
pulling ac9bc7a69dab:   9% ▕█                 ▏ 822 MB/9.0 GB  104 MB/s   1m17s[K[?25h[?2026l[?2026h[?25l[A[1Gpulling manifest [K
pulling ac9bc7a69dab:   9% ▕█                 ▏ 833 MB/9.0 GB  104 MB/s   1m17s[K[?25h[?2026l[?2026h[?25l[A[1Gpulling manifest [K
pulling ac9bc7a69dab:   9% ▕█                 ▏ 841 MB/9.0 GB  104 MB/s   1m17s[K[?25h[?2026l[?2026h[?25l[A[1Gpulling manifest [K
pulling ac9bc7a69dab:   9% ▕█                 ▏ 853 MB/9.0 GB  104 MB/s   1m17s[K[?25h[?2026l[?2026h[?25l[A[1Gpulling manifest [K
pulling ac9bc7a69dab:  10% ▕█                 ▏ 866 MB/9.0 GB  104 MB/s   1m17s[K[?25h[?2026l[?2026h[?25l[A[1Gpulling manifest [K
pulling ac9bc7a69dab:  10% ▕█                 ▏ 873 MB/9.0 GB  104 MB/s   1m17s[K[?25h[?2026l[?2026h[?25l[A[1Gpulling manifest [K
pulling ac9bc7a69dab:  10% ▕█                 ▏ 886 MB/9.0 GB  104 MB/s   1m17s[K[?25h[?2026l[?2026h[?25l[A[1Gpulling manifest [K
pulling ac9bc7a69dab:  10% ▕█                 ▏ 899 MB/9.0 GB  104 MB/s   1m17s[K[?25h[?2026l[?2026h[?25l[A[1Gpulling manifest [K
pulling ac9bc7a69dab:  10% ▕█                 ▏ 905 MB/9.0 GB  104 MB/s   1m17s[K[?25h[?2026l[?2026h[?25l[A[1Gpulling manifest [K
pulling ac9bc7a69dab:  10% ▕█                 ▏ 918 MB/9.0 GB  104 MB/s   1m16s[K[?25h[?2026l[?2026h[?25l[A[1Gpulling manifest [K
pulling ac9bc7a69dab:  10% ▕█                 ▏ 931 MB/9.0 GB  104 MB/s   1m16s[K[?25h[?2026l[?2026h[?25l[A[1Gpulling manifest [K
pulling ac9bc7a69dab:  10% ▕█                 ▏ 937 MB/9.0 GB  104 MB/s   1m16s[K[?25h[?2026l[?2026h[?25l[A[1Gpulling manifest [K
pulling ac9bc7a69dab:  11% ▕█                 ▏ 949 MB/9.0 GB  105 MB/s   1m16s[K[?25h[?2026l[?2026h[?25l[A[1Gpulling manifest [K
pulling ac9bc7a69dab:  11% ▕█                 ▏ 955 MB/9.0 GB  105 MB/s   1m16s[K[?25h[?2026l[?2026h[?25l[A[1Gpulling manifest [K
pulling ac9bc7a69dab:  11% ▕█                 ▏ 968 MB/9.0 GB  105 MB/s   1m16s[K[?25h[?2026l[?2026h[?25l[A[1Gpulling manifest [K
pulling ac9bc7a69dab:  11% ▕█                 ▏ 980 MB/9.0 GB  105 MB/s   1m16s[K[?25h[?2026l[?2026h[?25l[A[1Gpulling manifest [K
pulling ac9bc7a69dab:  11% ▕█                 ▏ 992 MB/9.0 GB  105 MB/s   1m15s[K[?25h[?2026l[?2026h[?25l[A[1Gpulling manifest [K
pulling ac9bc7a69dab:  11% ▕█                 ▏ 998 MB/9.0 GB  105 MB/s   1m15s[K[?25h[?2026l[?2026h[?25l[A[1Gpulling manifest [K
pulling ac9bc7a69dab:  11% ▕██                ▏ 1.0 GB/9.0 GB  105 MB/s   1m15s[K[?25h[?2026l[?2026h[?25l[A[1Gpulling manifest [K
pulling ac9bc7a69dab:  11% ▕██                ▏ 1.0 GB/9.0 GB  105 MB/s   1m15s[K[?25h[?2026l[?2026h[?25l[A[1Gpulling manifest [K
pulling ac9bc7a69dab:  11% ▕██                ▏ 1.0 GB/9.0 GB  105 MB/s   1m15s[K[?25h[?2026l[?2026h[?25l[A[1Gpulling manifest [K
pulling ac9bc7a69dab:  11% ▕██                ▏ 1.0 GB/9.0 GB  105 MB/s   1m15s[K[?25h[?2026l[?2026h[?25l[A[1Gpulling manifest [K
pulling ac9bc7a69dab:  12% ▕██                ▏ 1.0 GB/9.0 GB  105 MB/s   1m15s[K[?25h[?2026l[?2026h[?25l[A[1Gpulling manifest [K
pulling ac9bc7a69dab:  12% ▕██                ▏ 1.1 GB/9.0 GB  104 MB/s   1m16s[K[?25h[?2026l[?2026h[?25l[A[1Gpulling manifest [K
pulling ac9bc7a69dab:  12% ▕██                ▏ 1.1 GB/9.0 GB  104 MB/s   1m15s[K[?25h[?2026l[?2026h[?25l[A[1Gpulling manifest [K
pulling ac9bc7a69dab:  12% ▕██                ▏ 1.1 GB/9.0 GB  104 MB/s   1m15s[K[?25h[?2026l[?2026h[?25l[A[1Gpulling manifest [K
pulling ac9bc7a69dab:  12% ▕██                ▏ 1.1 GB/9.0 GB  104 MB/s   1m15s[K[?25h[?2026l[?2026h[?25l[A[1Gpulling manifest [K
pulling ac9bc7a69dab:  12% ▕██                ▏ 1.1 GB/9.0 GB  104 MB/s   1m15s[K[?25h[?2026l[?2026h[?25l[A[1Gpulling manifest [K
pulling ac9bc7a69dab:  12% ▕██                ▏ 1.1 GB/9.0 GB  104 MB/s   1m15s[K[?25h[?2026l[?2026h[?25l[A[1Gpulling manifest [K
pulling ac9bc7a69dab:  12% ▕██                ▏ 1.1 GB/9.0 GB  104 MB/s   1m15s[K[?25h[?2026l[?2026h[?25l[A[1Gpulling manifest [K
pulling ac9bc7a69dab:  13% ▕██                ▏ 1.1 GB/9.0 GB  104 MB/s   1m15s[K[?25h[?2026l[?2026h[?25l[A[1Gpulling manifest [K
pulling ac9bc7a69dab:  13% ▕██                ▏ 1.1 GB/9.0 GB  104 MB/s   1m15s[K[?25h[?2026l[?2026h[?25l[A[1Gpulling manifest [K
pulling ac9bc7a69dab:  13% ▕██                ▏ 1.1 GB/9.0 GB  104 MB/s   1m15s[K[?25h[?2026l[?2026h[?25l[A[1Gpulling manifest [K
pulling ac9bc7a69dab:  13% ▕██                ▏ 1.2 GB/9.0 GB  105 MB/s   1m14s[K[?25h[?2026l[?2026h[?25l[A[1Gpulling manifest [K
pulling ac9bc7a69dab:  13% ▕██                ▏ 1.2 GB/9.0 GB  105 MB/s   1m13s[K[?25h[?2026l[?2026h[?25l[A[1Gpulling manifest [K
pulling ac9bc7a69dab:  13% ▕██                ▏ 1.2 GB/9.0 GB  105 MB/s   1m13s[K[?25h[?2026l[?2026h[?25l[A[1Gpulling manifest [K
pulling ac9bc7a69dab:  13% ▕██                ▏ 1.2 GB/9.0 GB  105 MB/s   1m13s[K[?25h[?2026l[?2026h[?25l[A[1Gpulling manifest [K
pulling ac9bc7a69dab:  13% ▕██                ▏ 1.2 GB/9.0 GB  105 MB/s   1m13s[K[?25h[?2026l[?2026h[?25l[A[1Gpulling manifest [K
pulling ac9bc7a69dab:  13% ▕██                ▏ 1.2 GB/9.0 GB  105 MB/s   1m13s[K[?25h[?2026l[?2026h[?25l[A[1Gpulling manifest [K
pulling ac9bc7a69dab:  14% ▕██                ▏ 1.2 GB/9.0 GB  105 MB/s   1m13s[K[?25h[?2026l[?2026h[?25l[A[1Gpulling manifest [K
pulling ac9bc7a69dab:  14% ▕██                ▏ 1.2 GB/9.0 GB  105 MB/s   1m13s[K[?25h[?2026l[?2026h[?25l[A[1Gpulling manifest [K
pulling ac9bc7a69dab:  14% ▕██                ▏ 1.2 GB/9.0 GB  105 MB/s   1m13s[K[?25h[?2026l[?2026h[?25l[A[1Gpulling manifest [K
pulling ac9bc7a69dab:  14% ▕██                ▏ 1.2 GB/9.0 GB  105 MB/s   1m13s[K[?25h[?2026l[?2026h[?25l[A[1Gpulling manifest [K
pulling ac9bc7a69dab:  14% ▕██                ▏ 1.3 GB/9.0 GB  105 MB/s   1m13s[K[?25h[?2026l[?2026h[?25l[A[1Gpulling manifest [K
pulling ac9bc7a69dab:  14% ▕██                ▏ 1.3 GB/9.0 GB  105 MB/s   1m13s[K[?25h[?2026l[?2026h[?25l[A[1Gpulling manifest [K
pulling ac9bc7a69dab:  14% ▕██                ▏ 1.3 GB/9.0 GB  105 MB/s   1m13s[K[?25h[?2026l[?2026h[?25l[A[1Gpulling manifest [K
pulling ac9bc7a69dab:  14% ▕██                ▏ 1.3 GB/9.0 GB  105 MB/s   1m13s[K[?25h[?2026l[?2026h[?25l[A[1Gpulling manifest [K
pulling ac9bc7a69dab:  14% ▕██                ▏ 1.3 GB/9.0 GB  105 MB/s   1m13s[K[?25h[?2026l[?2026h[?25l[A[1Gpulling manifest [K
pulling ac9bc7a69dab:  15% ▕██                ▏ 1.3 GB/9.0 GB  105 MB/s   1m12s[K[?25h[?2026l[?2026h[?25l[A[1Gpulling manifest [K
pulling ac9bc7a69dab:  15% ▕██                ▏ 1.3 GB/9.0 GB  105 MB/s   1m12s[K[?25h[?2026l[?2026h[?25l[A[1Gpulling manifest [K
pulling ac9bc7a69dab:  15% ▕██                ▏ 1.3 GB/9.0 GB  105 MB/s   1m12s[K[?25h[?2026l[?2026h[?25l[A[1Gpulling manifest [K
pulling ac9bc7a69dab:  15% ▕██                ▏ 1.3 GB/9.0 GB  105 MB/s   1m12s[K[?25h[?2026l[?2026h[?25l[A[1Gpulling manifest [K
pulling ac9bc7a69dab:  15% ▕██                ▏ 1.4 GB/9.0 GB  105 MB/s   1m12s[K[?25h[?2026l[?2026h[?25l[A[1Gpulling manifest [K
pulling ac9bc7a69dab:  15% ▕██                ▏ 1.4 GB/9.0 GB  105 MB/s   1m12s[K[?25h[?2026l[?2026h[?25l[A[1Gpulling manifest [K
pulling ac9bc7a69dab:  15% ▕██                ▏ 1.4 GB/9.0 GB  105 MB/s   1m12s[K[?25h[?2026l[?2026h[?25l[A[1Gpulling manifest [K
pulling ac9bc7a69dab:  15% ▕██                ▏ 1.4 GB/9.0 GB  105 MB/s   1m12s[K[?25h[?2026l[?2026h[?25l[A[1Gpulling manifest [K
pulling ac9bc7a69dab:  15% ▕██                ▏ 1.4 GB/9.0 GB  105 MB/s   1m12s[K[?25h[?2026l[?2026h[?25l[A[1Gpulling manifest [K
pulling ac9bc7a69dab:  16% ▕██                ▏ 1.4 GB/9.0 GB  105 MB/s   1m12s[K[?25h[?2026l[?2026h[?25l[A[1Gpulling manifest [K
pulling ac9bc7a69dab:  16% ▕██                ▏ 1.4 GB/9.0 GB  105 MB/s   1m11s[K[?25h[?2026l[?2026h[?25l[A[1Gpulling manifest [K
pulling ac9bc7a69dab:  16% ▕██                ▏ 1.4 GB/9.0 GB  105 MB/s   1m11s[K[?25h[?2026l[?2026h[?25l[A[1Gpulling manifest [K
pulling ac9bc7a69dab:  16% ▕██                ▏ 1.4 GB/9.0 GB  105 MB/s   1m11s[K[?25h[?2026l[?2026h[?25l[A[1Gpulling manifest [K
pulling ac9bc7a69dab:  16% ▕██                ▏ 1.4 GB/9.0 GB  105 MB/s   1m11s[K[?25h[?2026l[?2026h[?25l[A[1Gpulling manifest [K
pulling ac9bc7a69dab:  16% ▕██                ▏ 1.5 GB/9.0 GB  105 MB/s   1m11s[K[?25h[?2026l[?2026h[?25l[A[1Gpulling manifest [K
pulling ac9bc7a69dab:  16% ▕██                ▏ 1.5 GB/9.0 GB  105 MB/s   1m11s[K[?25h[?2026l[?2026h[?25l[A[1Gpulling manifest [K
pulling ac9bc7a69dab:  16% ▕██                ▏ 1.5 GB/9.0 GB  105 MB/s   1m11s[K[?25h[?2026l[?2026h[?25l[A[1Gpulling manifest [K
pulling ac9bc7a69dab:  17% ▕██                ▏ 1.5 GB/9.0 GB  105 MB/s   1m11s[K[?25h[?2026l[?2026h[?25l[A[1Gpulling manifest [K
pulling ac9bc7a69dab:  17% ▕██                ▏ 1.5 GB/9.0 GB  105 MB/s   1m11s[K[?25h[?2026l[?2026h[?25l[A[1Gpulling manifest [K
pulling ac9bc7a69dab:  17% ▕███               ▏ 1.5 GB/9.0 GB  105 MB/s   1m11s[K[?25h[?2026l[?2026h[?25l[A[1Gpulling manifest [K
pulling ac9bc7a69dab:  17% ▕███               ▏ 1.5 GB/9.0 GB  105 MB/s   1m11s[K[?25h[?2026l[?2026h[?25l[A[1Gpulling manifest [K
pulling ac9bc7a69dab:  17% ▕███               ▏ 1.5 GB/9.0 GB  105 MB/s   1m10s[K[?25h[?2026l[?2026h[?25l[A[1Gpulling manifest [K
pulling ac9bc7a69dab:  17% ▕███               ▏ 1.5 GB/9.0 GB  105 MB/s   1m10s[K[?25h[?2026l[?2026h[?25l[A[1Gpulling manifest [K
pulling ac9bc7a69dab:  17% ▕███               ▏ 1.5 GB/9.0 GB  105 MB/s   1m10s[K[?25h[?2026l[?2026h[?25l[A[1Gpulling manifest [K
pulling ac9bc7a69dab:  17% ▕███               ▏ 1.6 GB/9.0 GB  105 MB/s   1m10s[K[?25h[?2026l[?2026h[?25l[A[1Gpulling manifest [K
pulling ac9bc7a69dab:  17% ▕███               ▏ 1.6 GB/9.0 GB  105 MB/s   1m10s[K[?25h[?2026l[?2026h[?25l[A[1Gpulling manifest [K
pulling ac9bc7a69dab:  18% ▕███               ▏ 1.6 GB/9.0 GB  105 MB/s   1m10s[K[?25h[?2026l[?2026h[?25l[A[1Gpulling manifest [K
pulling ac9bc7a69dab:  18% ▕███               ▏ 1.6 GB/9.0 GB  105 MB/s   1m10s[K[?25h[?2026l[?2026h[?25l[A[1Gpulling manifest [K
pulling ac9bc7a69dab:  18% ▕███               ▏ 1.6 GB/9.0 GB  105 MB/s   1m10s[K[?25h[?2026l[?2026h[?25l[A[1Gpulling manifest [K
pulling ac9bc7a69dab:  18% ▕███               ▏ 1.6 GB/9.0 GB  105 MB/s   1m10s[K[?25h[?2026l[?2026h[?25l[A[1Gpulling manifest [K
pulling ac9bc7a69dab:  18% ▕███               ▏ 1.6 GB/9.0 GB  105 MB/s   1m10s[K[?25h[?2026l[?2026h[?25l[A[1Gpulling manifest [K
pulling ac9bc7a69dab:  18% ▕███               ▏ 1.6 GB/9.0 GB  105 MB/s   1m10s[K[?25h[?2026l[?2026h[?25l[A[1Gpulling manifest [K
pulling ac9bc7a69dab:  18% ▕███               ▏ 1.6 GB/9.0 GB  105 MB/s    1m9s[K[?25h[?2026l[?2026h[?25l[A[1Gpulling manifest [K
pulling ac9bc7a69dab:  18% ▕███               ▏ 1.7 GB/9.0 GB  105 MB/s    1m9s[K[?25h[?2026l[?2026h[?25l[A[1Gpulling manifest [K
pulling ac9bc7a69dab:  19% ▕███               ▏ 1.7 GB/9.0 GB  105 MB/s    1m9s[K[?25h[?2026l[?2026h[?25l[A[1Gpulling manifest [K
pulling ac9bc7a69dab:  19% ▕███               ▏ 1.7 GB/9.0 GB  105 MB/s    1m9s[K[?25h[?2026l[?2026h[?25l[A[1Gpulling manifest [K
pulling ac9bc7a69dab:  19% ▕███               ▏ 1.7 GB/9.0 GB  104 MB/s   1m10s[K[?25h[?2026l[?2026h[?25l[A[1Gpulling manifest [K
pulling ac9bc7a69dab:  19% ▕███               ▏ 1.7 GB/9.0 GB  104 MB/s   1m10s[K[?25h[?2026l[?2026h[?25l[A[1Gpulling manifest [K
pulling ac9bc7a69dab:  19% ▕███               ▏ 1.7 GB/9.0 GB  104 MB/s    1m9s[K[?25h[?2026l[?2026h[?25l[A[1Gpulling manifest [K
pulling ac9bc7a69dab:  19% ▕███               ▏ 1.7 GB/9.0 GB  104 MB/s    1m9s[K[?25h[?2026l[?2026h[?25l[A[1Gpulling manifest [K
pulling ac9bc7a69dab:  19% ▕███               ▏ 1.7 GB/9.0 GB  104 MB/s    1m9s[K[?25h[?2026l[?2026h[?25l[A[1Gpulling manifest [K
pulling ac9bc7a69dab:  19% ▕███               ▏ 1.7 GB/9.0 GB  104 MB/s    1m9s[K[?25h[?2026l[?2026h[?25l[A[1Gpulling manifest [K
pulling ac9bc7a69dab:  19% ▕███               ▏ 1.7 GB/9.0 GB  104 MB/s    1m9s[K[?25h[?2026l[?2026h[?25l[A[1Gpulling manifest [K
pulling ac9bc7a69dab:  19% ▕███               ▏ 1.7 GB/9.0 GB  104 MB/s    1m9s[K[?25h[?2026l[?2026h[?25l[A[1Gpulling manifest [K
pulling ac9bc7a69dab:  20% ▕███               ▏ 1.8 GB/9.0 GB  104 MB/s    1m9s[K[?25h[?2026l[?2026h[?25l[A[1Gpulling manifest [K
pulling ac9bc7a69dab:  20% ▕███               ▏ 1.8 GB/9.0 GB  104 MB/s    1m9s[K[?25h[?2026l[?2026h[?25l[A[1Gpulling manifest [K
pulling ac9bc7a69dab:  20% ▕███               ▏ 1.8 GB/9.0 GB  103 MB/s    1m9s[K[?25h[?2026l[?2026h[?25l[A[1Gpulling manifest [K
pulling ac9bc7a69dab:  20% ▕███               ▏ 1.8 GB/9.0 GB  103 MB/s    1m9s[K[?25h[?2026l[?2026h[?25l[A[1Gpulling manifest [K
pulling ac9bc7a69dab:  20% ▕███               ▏ 1.8 GB/9.0 GB  103 MB/s    1m9s[K[?25h[?2026l[?2026h[?25l[A[1Gpulling manifest [K
pulling ac9bc7a69dab:  20% ▕███               ▏ 1.8 GB/9.0 GB  103 MB/s    1m9s[K[?25h[?2026l[?2026h[?25l[A[1Gpulling manifest [K
pulling ac9bc7a69dab:  20% ▕███               ▏ 1.8 GB/9.0 GB  103 MB/s    1m9s[K[?25h[?2026l[?2026h[?25l[A[1Gpulling manifest [K
pulling ac9bc7a69dab:  20% ▕███               ▏ 1.8 GB/9.0 GB  103 MB/s    1m9s[K[?25h[?2026l[?2026h[?25l[A[1Gpulling manifest [K
pulling ac9bc7a69dab:  20% ▕███               ▏ 1.8 GB/9.0 GB  103 MB/s    1m9s[K[?25h[?2026l[?2026h[?25l[A[1Gpulling manifest [K
pulling ac9bc7a69dab:  21% ▕███               ▏ 1.8 GB/9.0 GB  103 MB/s    1m8s[K[?25h[?2026l[?2026h[?25l[A[1Gpulling manifest [K
pulling ac9bc7a69dab:  21% ▕███               ▏ 1.9 GB/9.0 GB  103 MB/s    1m8s[K[?25h[?2026l[?2026h[?25l[A[1Gpulling manifest [K
pulling ac9bc7a69dab:  21% ▕███               ▏ 1.9 GB/9.0 GB  103 MB/s    1m8s[K[?25h[?2026l[?2026h[?25l[A[1Gpulling manifest [K
pulling ac9bc7a69dab:  21% ▕███               ▏ 1.9 GB/9.0 GB  102 MB/s    1m9s[K[?25h[?2026l[?2026h[?25l[A[1Gpulling manifest [K
pulling ac9bc7a69dab:  21% ▕███               ▏ 1.9 GB/9.0 GB  102 MB/s    1m9s[K[?25h[?2026l[?2026h[?25l[A[1Gpulling manifest [K
pulling ac9bc7a69dab:  21% ▕███               ▏ 1.9 GB/9.0 GB  102 MB/s    1m8s[K[?25h[?2026l[?2026h[?25l[A[1Gpulling manifest [K
pulling ac9bc7a69dab:  21% ▕███               ▏ 1.9 GB/9.0 GB  102 MB/s    1m8s[K[?25h[?2026l[?2026h[?25l[A[1Gpulling manifest [K
pulling ac9bc7a69dab:  21% ▕███               ▏ 1.9 GB/9.0 GB  102 MB/s    1m8s[K[?25h[?2026l[?2026h[?25l[A[1Gpulling manifest [K
pulling ac9bc7a69dab:  21% ▕███               ▏ 1.9 GB/9.0 GB  102 MB/s    1m8s[K[?25h[?2026l[?2026h[?25l[A[1Gpulling manifest [K
pulling ac9bc7a69dab:  21% ▕███               ▏ 1.9 GB/9.0 GB  102 MB/s    1m8s[K[?25h[?2026l[?2026h[?25l[A[1Gpulling manifest [K
pulling ac9bc7a69dab:  22% ▕███               ▏ 1.9 GB/9.0 GB  102 MB/s    1m8s[K[?25h[?2026l[?2026h[?25l[A[1Gpulling manifest [K
pulling ac9bc7a69dab:  22% ▕███               ▏ 2.0 GB/9.0 GB  102 MB/s    1m8s[K[?25h[?2026l[?2026h[?25l[A[1Gpulling manifest [K
pulling ac9bc7a69dab:  22% ▕███               ▏ 2.0 GB/9.0 GB  102 MB/s    1m8s[K[?25h[?2026l[?2026h[?25l[A[1Gpulling manifest [K
pulling ac9bc7a69dab:  22% ▕███               ▏ 2.0 GB/9.0 GB  102 MB/s    1m8s[K[?25h[?2026l[?2026h[?25l[A[1Gpulling manifest [K
pulling ac9bc7a69dab:  22% ▕███               ▏ 2.0 GB/9.0 GB  102 MB/s    1m8s[K[?25h[?2026l[?2026h[?25l[A[1Gpulling manifest [K
pulling ac9bc7a69dab:  22% ▕███               ▏ 2.0 GB/9.0 GB  102 MB/s    1m7s[K[?25h[?2026l[?2026h[?25l[A[1Gpulling manifest [K
pulling ac9bc7a69dab:  22% ▕████              ▏ 2.0 GB/9.0 GB  102 MB/s    1m7s[K[?25h[?2026l[?2026h[?25l[A[1Gpulling manifest [K
pulling ac9bc7a69dab:  22% ▕████              ▏ 2.0 GB/9.0 GB  102 MB/s    1m7s[K[?25h[?2026l[?2026h[?25l[A[1Gpulling manifest [K
pulling ac9bc7a69dab:  22% ▕████              ▏ 2.0 GB/9.0 GB  102 MB/s    1m7s[K[?25h[?2026l[?2026h[?25l[A[1Gpulling manifest [K
pulling ac9bc7a69dab:  22% ▕████              ▏ 2.0 GB/9.0 GB  102 MB/s    1m7s[K[?25h[?2026l[?2026h[?25l[A[1Gpulling manifest [K
pulling ac9bc7a69dab:  23% ▕████              ▏ 2.0 GB/9.0 GB  102 MB/s    1m7s[K[?25h[?2026l[?2026h[?25l[A[1Gpulling manifest [K
pulling ac9bc7a69dab:  23% ▕████              ▏ 2.0 GB/9.0 GB  102 MB/s    1m7s[K[?25h[?2026l[?2026h[?25l[A[1Gpulling manifest [K
pulling ac9bc7a69dab:  23% ▕████              ▏ 2.0 GB/9.0 GB  102 MB/s    1m7s[K[?25h[?2026l[?2026h[?25l[A[1Gpulling manifest [K
pulling ac9bc7a69dab:  23% ▕████              ▏ 2.1 GB/9.0 GB  100 MB/s    1m9s[K[?25h[?2026l[?2026h[?25l[A[1Gpulling manifest [K
pulling ac9bc7a69dab:  23% ▕████              ▏ 2.1 GB/9.0 GB  100 MB/s    1m9s[K[?25h[?2026l[?2026h[?25l[A[1Gpulling manifest [K
pulling ac9bc7a69dab:  23% ▕████              ▏ 2.1 GB/9.0 GB  100 MB/s    1m8s[K[?25h[?2026l[?2026h[?25l[A[1Gpulling manifest [K
pulling ac9bc7a69dab:  23% ▕████              ▏ 2.1 GB/9.0 GB  100 MB/s    1m8s[K[?25h[?2026l[?2026h[?25l[A[1Gpulling manifest [K
pulling ac9bc7a69dab:  23% ▕████              ▏ 2.1 GB/9.0 GB  100 MB/s    1m8s[K[?25h[?2026l[?2026h[?25l[A[1Gpulling manifest [K
pulling ac9bc7a69dab:  23% ▕████              ▏ 2.1 GB/9.0 GB  100 MB/s    1m8s[K[?25h[?2026l[?2026h[?25l[A[1Gpulling manifest [K
pulling ac9bc7a69dab:  23% ▕████              ▏ 2.1 GB/9.0 GB  100 MB/s    1m8s[K[?25h[?2026l[?2026h[?25l[A[1Gpulling manifest [K
pulling ac9bc7a69dab:  24% ▕████              ▏ 2.1 GB/9.0 GB  100 MB/s    1m8s[K[?25h[?2026l[?2026h[?25l[A[1Gpulling manifest [K
pulling ac9bc7a69dab:  24% ▕████              ▏ 2.1 GB/9.0 GB  100 MB/s    1m8s[K[?25h[?2026l[?2026h[?25l[A[1Gpulling manifest [K
pulling ac9bc7a69dab:  24% ▕████              ▏ 2.1 GB/9.0 GB  100 MB/s    1m8s[K[?25h[?2026l[?2026h[?25l[A[1Gpulling manifest [K
pulling ac9bc7a69dab:  24% ▕████              ▏ 2.1 GB/9.0 GB  100 MB/s    1m8s[K[?25h[?2026l[?2026h[?25l[A[1Gpulling manifest [K
pulling ac9bc7a69dab:  24% ▕████              ▏ 2.2 GB/9.0 GB   99 MB/s    1m8s[K[?25h[?2026l[?2026h[?25l[A[1Gpulling manifest [K
pulling ac9bc7a69dab:  24% ▕████              ▏ 2.2 GB/9.0 GB   99 MB/s    1m8s[K[?25h[?2026l[?2026h[?25l[A[1Gpulling manifest [K
pulling ac9bc7a69dab:  24% ▕████              ▏ 2.2 GB/9.0 GB   99 MB/s    1m8s[K[?25h[?2026l[?2026h[?25l[A[1Gpulling manifest [K
pulling ac9bc7a69dab:  24% ▕████              ▏ 2.2 GB/9.0 GB   99 MB/s    1m8s[K[?25h[?2026l[?2026h[?25l[A[1Gpulling manifest [K
pulling ac9bc7a69dab:  24% ▕████              ▏ 2.2 GB/9.0 GB   99 MB/s    1m7s[K[?25h[?2026l[?2026h[?25l[A[1Gpulling manifest [K
pulling ac9bc7a69dab:  24% ▕████              ▏ 2.2 GB/9.0 GB   99 MB/s    1m7s[K[?25h[?2026l[?2026h[?25l[A[1Gpulling manifest [K
pulling ac9bc7a69dab:  25% ▕████              ▏ 2.2 GB/9.0 GB   99 MB/s    1m7s[K[?25h[?2026l[?2026h[?25l[A[1Gpulling manifest [K
pulling ac9bc7a69dab:  25% ▕████              ▏ 2.2 GB/9.0 GB   99 MB/s    1m7s[K[?25h[?2026l[?2026h[?25l[A[1Gpulling manifest [K
pulling ac9bc7a69dab:  25% ▕████              ▏ 2.2 GB/9.0 GB   99 MB/s    1m7s[K[?25h[?2026l[?2026h[?25l[A[1Gpulling manifest [K
pulling ac9bc7a69dab:  25% ▕████              ▏ 2.2 GB/9.0 GB   99 MB/s    1m7s[K[?25h[?2026l[?2026h[?25l[A[1Gpulling manifest [K
pulling ac9bc7a69dab:  25% ▕████              ▏ 2.2 GB/9.0 GB   98 MB/s    1m8s[K[?25h[?2026l[?2026h[?25l[A[1Gpulling manifest [K
pulling ac9bc7a69dab:  25% ▕████              ▏ 2.3 GB/9.0 GB   98 MB/s    1m8s[K[?25h[?2026l[?2026h[?25l[A[1Gpulling manifest [K
pulling ac9bc7a69dab:  25% ▕████              ▏ 2.3 GB/9.0 GB   98 MB/s    1m8s[K[?25h[?2026l[?2026h[?25l[A[1Gpulling manifest [K
pulling ac9bc7a69dab:  25% ▕████              ▏ 2.3 GB/9.0 GB   98 MB/s    1m8s[K[?25h[?2026l[?2026h[?25l[A[1Gpulling manifest [K
pulling ac9bc7a69dab:  25% ▕████              ▏ 2.3 GB/9.0 GB   98 MB/s    1m8s[K[?25h[?2026l[?2026h[?25l[A[1Gpulling manifest [K
pulling ac9bc7a69dab:  26% ▕████              ▏ 2.3 GB/9.0 GB   98 MB/s    1m8s[K[?25h[?2026l[?2026h[?25l[A[1Gpulling manifest [K
pulling ac9bc7a69dab:  26% ▕████              ▏ 2.3 GB/9.0 GB   98 MB/s    1m7s[K[?25h[?2026l[?2026h[?25l[A[1Gpulling manifest [K
pulling ac9bc7a69dab:  26% ▕████              ▏ 2.3 GB/9.0 GB   98 MB/s    1m7s[K[?25h[?2026l[?2026h[?25l[A[1Gpulling manifest [K
pulling ac9bc7a69dab:  26% ▕████              ▏ 2.3 GB/9.0 GB   98 MB/s    1m7s[K[?25h[?2026l[?2026h[?25l[A[1Gpulling manifest [K
pulling ac9bc7a69dab:  26% ▕████              ▏ 2.3 GB/9.0 GB   98 MB/s    1m7s[K[?25h[?2026l[?2026h[?25l[A[1Gpulling manifest [K
pulling ac9bc7a69dab:  26% ▕████              ▏ 2.3 GB/9.0 GB   97 MB/s    1m8s[K[?25h[?2026l[?2026h[?25l[A[1Gpulling manifest [K
pulling ac9bc7a69dab:  26% ▕████              ▏ 2.3 GB/9.0 GB   97 MB/s    1m8s[K[?25h[?2026l[?2026h[?25l[A[1Gpulling manifest [K
pulling ac9bc7a69dab:  26% ▕████              ▏ 2.4 GB/9.0 GB   97 MB/s    1m8s[K[?25h[?2026l[?2026h[?25l[A[1Gpulling manifest [K
pulling ac9bc7a69dab:  26% ▕████              ▏ 2.4 GB/9.0 GB   97 MB/s    1m8s[K[?25h[?2026l[?2026h[?25l[A[1Gpulling manifest [K
pulling ac9bc7a69dab:  26% ▕████              ▏ 2.4 GB/9.0 GB   97 MB/s    1m8s[K[?25h[?2026l[?2026h[?25l[A[1Gpulling manifest [K
pulling ac9bc7a69dab:  26% ▕████              ▏ 2.4 GB/9.0 GB   97 MB/s    1m7s[K[?25h[?2026l[?2026h[?25l[A[1Gpulling manifest [K
pulling ac9bc7a69dab:  27% ▕████              ▏ 2.4 GB/9.0 GB   97 MB/s    1m7s[K[?25h[?2026l[?2026h[?25l[A[1Gpulling manifest [K
pulling ac9bc7a69dab:  27% ▕████              ▏ 2.4 GB/9.0 GB   97 MB/s    1m7s[K[?25h[?2026l[?2026h[?25l[A[1Gpulling manifest [K
pulling ac9bc7a69dab:  27% ▕████              ▏ 2.4 GB/9.0 GB   97 MB/s    1m7s[K[?25h[?2026l[?2026h[?25l[A[1Gpulling manifest [K
pulling ac9bc7a69dab:  27% ▕████              ▏ 2.4 GB/9.0 GB   97 MB/s    1m7s[K[?25h[?2026l[?2026h[?25l[A[1Gpulling manifest [K
pulling ac9bc7a69dab:  27% ▕████              ▏ 2.4 GB/9.0 GB   94 MB/s    1m9s[K[?25h[?2026l[?2026h[?25l[A[1Gpulling manifest [K
pulling ac9bc7a69dab:  27% ▕████              ▏ 2.4 GB/9.0 GB   94 MB/s    1m9s[K[?25h[?2026l[?2026h[?25l[A[1Gpulling manifest [K
pulling ac9bc7a69dab:  27% ▕████              ▏ 2.4 GB/9.0 GB   94 MB/s    1m9s[K[?25h[?2026l[?2026h[?25l[A[1Gpulling manifest [K
pulling ac9bc7a69dab:  27% ▕████              ▏ 2.5 GB/9.0 GB   94 MB/s    1m9s[K[?25h[?2026l[?2026h[?25l[A[1Gpulling manifest [K
pulling ac9bc7a69dab:  27% ▕████              ▏ 2.5 GB/9.0 GB   94 MB/s    1m9s[K[?25h[?2026l[?2026h[?25l[A[1Gpulling manifest [K
pulling ac9bc7a69dab:  27% ▕████              ▏ 2.5 GB/9.0 GB   94 MB/s    1m9s[K[?25h[?2026l[?2026h[?25l[A[1Gpulling manifest [K
pulling ac9bc7a69dab:  28% ▕████              ▏ 2.5 GB/9.0 GB   94 MB/s    1m8s[K[?25h[?2026l[?2026h[?25l[A[1Gpulling manifest [K
pulling ac9bc7a69dab:  28% ▕████              ▏ 2.5 GB/9.0 GB   94 MB/s    1m8s[K[?25h[?2026l[?2026h[?25l[A[1Gpulling manifest [K
pulling ac9bc7a69dab:  28% ▕█████             ▏ 2.5 GB/9.0 GB   94 MB/s    1m8s[K[?25h[?2026l[?2026h[?25l[A[1Gpulling manifest [K
pulling ac9bc7a69dab:  28% ▕█████             ▏ 2.5 GB/9.0 GB   94 MB/s    1m8s[K[?25h[?2026l[?2026h[?25l[A[1Gpulling manifest [K
pulling ac9bc7a69dab:  28% ▕█████             ▏ 2.5 GB/9.0 GB   94 MB/s    1m8s[K[?25h[?2026l[?2026h[?25l[A[1Gpulling manifest [K
pulling ac9bc7a69dab:  28% ▕█████             ▏ 2.5 GB/9.0 GB   94 MB/s    1m8s[K[?25h[?2026l[?2026h[?25l[A[1Gpulling manifest [K
pulling ac9bc7a69dab:  28% ▕█████             ▏ 2.5 GB/9.0 GB   94 MB/s    1m8s[K[?25h[?2026l[?2026h[?25l[A[1Gpulling manifest [K
pulling ac9bc7a69dab:  28% ▕█████             ▏ 2.6 GB/9.0 GB   94 MB/s    1m8s[K[?25h[?2026l[?2026h[?25l[A[1Gpulling manifest [K
pulling ac9bc7a69dab:  28% ▕█████             ▏ 2.6 GB/9.0 GB   94 MB/s    1m8s[K[?25h[?2026l[?2026h[?25l[A[1Gpulling manifest [K
pulling ac9bc7a69dab:  29% ▕█████             ▏ 2.6 GB/9.0 GB   94 MB/s    1m7s[K[?25h[?2026l[?2026h[?25l[A[1Gpulling manifest [K
pulling ac9bc7a69dab:  29% ▕█████             ▏ 2.6 GB/9.0 GB   94 MB/s    1m7s[K[?25h[?2026l[?2026h[?25l[A[1Gpulling manifest [K
pulling ac9bc7a69dab:  29% ▕█████             ▏ 2.6 GB/9.0 GB   94 MB/s    1m7s[K[?25h[?2026l[?2026h[?25l[A[1Gpulling manifest [K
pulling ac9bc7a69dab:  29% ▕█████             ▏ 2.6 GB/9.0 GB   94 MB/s    1m7s[K[?25h[?2026l[?2026h[?25l[A[1Gpulling manifest [K
pulling ac9bc7a69dab:  29% ▕█████             ▏ 2.6 GB/9.0 GB   94 MB/s    1m7s[K[?25h[?2026l[?2026h[?25l[A[1Gpulling manifest [K
pulling ac9bc7a69dab:  29% ▕█████             ▏ 2.6 GB/9.0 GB   94 MB/s    1m7s[K[?25h[?2026l[?2026h[?25l[A[1Gpulling manifest [K
pulling ac9bc7a69dab:  29% ▕█████             ▏ 2.6 GB/9.0 GB   94 MB/s    1m6s[K[?25h[?2026l[?2026h[?25l[A[1Gpulling manifest [K
pulling ac9bc7a69dab:  29% ▕█████             ▏ 2.6 GB/9.0 GB   94 MB/s    1m6s[K[?25h[?2026l[?2026h[?25l[A[1Gpulling manifest [K
pulling ac9bc7a69dab:  30% ▕█████             ▏ 2.7 GB/9.0 GB   94 MB/s    1m6s[K[?25h[?2026l[?2026h[?25l[A[1Gpulling manifest [K
pulling ac9bc7a69dab:  30% ▕█████             ▏ 2.7 GB/9.0 GB   94 MB/s    1m6s[K[?25h[?2026l[?2026h[?25l[A[1Gpulling manifest [K
pulling ac9bc7a69dab:  30% ▕█████             ▏ 2.7 GB/9.0 GB   94 MB/s    1m6s[K[?25h[?2026l[?2026h[?25l[A[1Gpulling manifest [K
pulling ac9bc7a69dab:  30% ▕█████             ▏ 2.7 GB/9.0 GB   94 MB/s    1m6s[K[?25h[?2026l[?2026h[?25l[A[1Gpulling manifest [K
pulling ac9bc7a69dab:  30% ▕█████             ▏ 2.7 GB/9.0 GB   94 MB/s    1m6s[K[?25h[?2026l[?2026h[?25l[A[1Gpulling manifest [K
pulling ac9bc7a69dab:  30% ▕█████             ▏ 2.7 GB/9.0 GB   94 MB/s    1m6s[K[?25h[?2026l[?2026h[?25l[A[1Gpulling manifest [K
pulling ac9bc7a69dab:  30% ▕█████             ▏ 2.7 GB/9.0 GB   94 MB/s    1m6s[K[?25h[?2026l[?2026h[?25l[A[1Gpulling manifest [K
pulling ac9bc7a69dab:  30% ▕█████             ▏ 2.7 GB/9.0 GB   94 MB/s    1m5s[K[?25h[?2026l[?2026h[?25l[A[1Gpulling manifest [K
pulling ac9bc7a69dab:  30% ▕█████             ▏ 2.7 GB/9.0 GB   95 MB/s    1m5s[K[?25h[?2026l[?2026h[?25l[A[1Gpulling manifest [K
pulling ac9bc7a69dab:  31% ▕█████             ▏ 2.7 GB/9.0 GB   95 MB/s    1m5s[K[?25h[?2026l[?2026h[?25l[A[1Gpulling manifest [K
pulling ac9bc7a69dab:  31% ▕█████             ▏ 2.8 GB/9.0 GB   95 MB/s    1m5s[K[?25h[?2026l[?2026h[?25l[A[1Gpulling manifest [K
pulling ac9bc7a69dab:  31% ▕█████             ▏ 2.8 GB/9.0 GB   95 MB/s    1m5s[K[?25h[?2026l[?2026h[?25l[A[1Gpulling manifest [K
pulling ac9bc7a69dab:  31% ▕█████             ▏ 2.8 GB/9.0 GB   95 MB/s    1m5s[K[?25h[?2026l[?2026h[?25l[A[1Gpulling manifest [K
pulling ac9bc7a69dab:  31% ▕█████             ▏ 2.8 GB/9.0 GB   95 MB/s    1m5s[K[?25h[?2026l[?2026h[?25l[A[1Gpulling manifest [K
pulling ac9bc7a69dab:  31% ▕█████             ▏ 2.8 GB/9.0 GB   95 MB/s    1m4s[K[?25h[?2026l[?2026h[?25l[A[1Gpulling manifest [K
pulling ac9bc7a69dab:  31% ▕█████             ▏ 2.8 GB/9.0 GB   95 MB/s    1m4s[K[?25h[?2026l[?2026h[?25l[A[1Gpulling manifest [K
pulling ac9bc7a69dab:  31% ▕█████             ▏ 2.8 GB/9.0 GB   95 MB/s    1m4s[K[?25h[?2026l[?2026h[?25l[A[1Gpulling manifest [K
pulling ac9bc7a69dab:  32% ▕█████             ▏ 2.8 GB/9.0 GB   95 MB/s    1m4s[K[?25h[?2026l[?2026h[?25l[A[1Gpulling manifest [K
pulling ac9bc7a69dab:  32% ▕█████             ▏ 2.8 GB/9.0 GB   96 MB/s    1m3s[K[?25h[?2026l[?2026h[?25l[A[1Gpulling manifest [K
pulling ac9bc7a69dab:  32% ▕█████             ▏ 2.9 GB/9.0 GB   96 MB/s    1m3s[K[?25h[?2026l[?2026h[?25l[A[1Gpulling manifest [K
pulling ac9bc7a69dab:  32% ▕█████             ▏ 2.9 GB/9.0 GB   96 MB/s    1m3s[K[?25h[?2026l[?2026h[?25l[A[1Gpulling manifest [K
pulling ac9bc7a69dab:  32% ▕█████             ▏ 2.9 GB/9.0 GB   96 MB/s    1m3s[K[?25h[?2026l[?2026h[?25l[A[1Gpulling manifest [K
pulling ac9bc7a69dab:  32% ▕█████             ▏ 2.9 GB/9.0 GB   96 MB/s    1m3s[K[?25h[?2026l[?2026h[?25l[A[1Gpulling manifest [K
pulling ac9bc7a69dab:  32% ▕█████             ▏ 2.9 GB/9.0 GB   96 MB/s    1m2s[K[?25h[?2026l[?2026h[?25l[A[1Gpulling manifest [K
pulling ac9bc7a69dab:  32% ▕█████             ▏ 2.9 GB/9.0 GB   96 MB/s    1m2s[K[?25h[?2026l[?2026h[?25l[A[1Gpulling manifest [K
pulling ac9bc7a69dab:  32% ▕█████             ▏ 2.9 GB/9.0 GB   96 MB/s    1m2s[K[?25h[?2026l[?2026h[?25l[A[1Gpulling manifest [K
pulling ac9bc7a69dab:  33% ▕█████             ▏ 2.9 GB/9.0 GB   96 MB/s    1m2s[K[?25h[?2026l[?2026h[?25l[A[1Gpulling manifest [K
pulling ac9bc7a69dab:  33% ▕█████             ▏ 2.9 GB/9.0 GB   96 MB/s    1m2s[K[?25h[?2026l[?2026h[?25l[A[1Gpulling manifest [K
pulling ac9bc7a69dab:  33% ▕█████             ▏ 2.9 GB/9.0 GB   98 MB/s    1m1s[K[?25h[?2026l[?2026h[?25l[A[1Gpulling manifest [K
pulling ac9bc7a69dab:  33% ▕█████             ▏ 3.0 GB/9.0 GB   98 MB/s    1m1s[K[?25h[?2026l[?2026h[?25l[A[1Gpulling manifest [K
pulling ac9bc7a69dab:  33% ▕█████             ▏ 3.0 GB/9.0 GB   98 MB/s    1m1s[K[?25h[?2026l[?2026h[?25l[A[1Gpulling manifest [K
pulling ac9bc7a69dab:  33% ▕█████             ▏ 3.0 GB/9.0 GB   98 MB/s    1m1s[K[?25h[?2026l[?2026h[?25l[A[1Gpulling manifest [K
pulling ac9bc7a69dab:  33% ▕█████             ▏ 3.0 GB/9.0 GB   98 MB/s    1m0s[K[?25h[?2026l[?2026h[?25l[A[1Gpulling manifest [K
pulling ac9bc7a69dab:  33% ▕█████             ▏ 3.0 GB/9.0 GB   98 MB/s    1m0s[K[?25h[?2026l[?2026h[?25l[A[1Gpulling manifest [K
pulling ac9bc7a69dab:  33% ▕██████            ▏ 3.0 GB/9.0 GB   98 MB/s    1m0s[K[?25h[?2026l[?2026h[?25l[A[1Gpulling manifest [K
pulling ac9bc7a69dab:  33% ▕██████            ▏ 3.0 GB/9.0 GB   98 MB/s    1m0s[K[?25h[?2026l[?2026h[?25l[A[1Gpulling manifest [K
pulling ac9bc7a69dab:  33% ▕██████            ▏ 3.0 GB/9.0 GB   98 MB/s    1m0s[K[?25h[?2026l[?2026h[?25l[A[1Gpulling manifest [K
pulling ac9bc7a69dab:  34% ▕██████            ▏ 3.0 GB/9.0 GB   98 MB/s    1m0s[K[?25h[?2026l[?2026h[?25l[A[1Gpulling manifest [K
pulling ac9bc7a69dab:  34% ▕██████            ▏ 3.0 GB/9.0 GB   97 MB/s    1m0s[K[?25h[?2026l[?2026h[?25l[A[1Gpulling manifest [K
pulling ac9bc7a69dab:  34% ▕██████            ▏ 3.0 GB/9.0 GB   97 MB/s    1m0s[K[?25h[?2026l[?2026h[?25l[A[1Gpulling manifest [K
pulling ac9bc7a69dab:  34% ▕██████            ▏ 3.0 GB/9.0 GB   97 MB/s    1m0s[K[?25h[?2026l[?2026h[?25l[A[1Gpulling manifest [K
pulling ac9bc7a69dab:  34% ▕██████            ▏ 3.1 GB/9.0 GB   97 MB/s    1m0s[K[?25h[?2026l[?2026h[?25l[A[1Gpulling manifest [K
pulling ac9bc7a69dab:  34% ▕██████            ▏ 3.1 GB/9.0 GB   97 MB/s    1m0s[K[?25h[?2026l[?2026h[?25l[A[1Gpulling manifest [K
pulling ac9bc7a69dab:  34% ▕██████            ▏ 3.1 GB/9.0 GB   97 MB/s    1m0s[K[?25h[?2026l[?2026h[?25l[A[1Gpulling manifest [K
pulling ac9bc7a69dab:  34% ▕██████            ▏ 3.1 GB/9.0 GB   97 MB/s    1m0s[K[?25h[?2026l[?2026h[?25l[A[1Gpulling manifest [K
pulling ac9bc7a69dab:  34% ▕██████            ▏ 3.1 GB/9.0 GB   97 MB/s    1m0s[K[?25h[?2026l[?2026h[?25l[A[1Gpulling manifest [K
pulling ac9bc7a69dab:  35% ▕██████            ▏ 3.1 GB/9.0 GB   97 MB/s    1m0s[K[?25h[?2026l[?2026h[?25l[A[1Gpulling manifest [K
pulling ac9bc7a69dab:  35% ▕██████            ▏ 3.1 GB/9.0 GB   97 MB/s    1m0s[K[?25h[?2026l[?2026h[?25l[A[1Gpulling manifest [K
pulling ac9bc7a69dab:  35% ▕██████            ▏ 3.1 GB/9.0 GB   97 MB/s     59s[K[?25h[?2026l[?2026h[?25l[A[1Gpulling manifest [K
pulling ac9bc7a69dab:  35% ▕██████            ▏ 3.1 GB/9.0 GB   98 MB/s     59s[K[?25h[?2026l[?2026h[?25l[A[1Gpulling manifest [K
pulling ac9bc7a69dab:  35% ▕██████            ▏ 3.1 GB/9.0 GB   98 MB/s     59s[K[?25h[?2026l[?2026h[?25l[A[1Gpulling manifest [K
pulling ac9bc7a69dab:  35% ▕██████            ▏ 3.2 GB/9.0 GB   98 MB/s     59s[K[?25h[?2026l[?2026h[?25l[A[1Gpulling manifest [K
pulling ac9bc7a69dab:  35% ▕██████            ▏ 3.2 GB/9.0 GB   98 MB/s     59s[K[?25h[?2026l[?2026h[?25l[A[1Gpulling manifest [K
pulling ac9bc7a69dab:  35% ▕██████            ▏ 3.2 GB/9.0 GB   98 MB/s     59s[K[?25h[?2026l[?2026h[?25l[A[1Gpulling manifest [K
pulling ac9bc7a69dab:  35% ▕██████            ▏ 3.2 GB/9.0 GB   98 MB/s     58s[K[?25h[?2026l[?2026h[?25l[A[1Gpulling manifest [K
pulling ac9bc7a69dab:  36% ▕██████            ▏ 3.2 GB/9.0 GB   98 MB/s     58s[K[?25h[?2026l[?2026h[?25l[A[1Gpulling manifest [K
pulling ac9bc7a69dab:  36% ▕██████            ▏ 3.2 GB/9.0 GB   98 MB/s     58s[K[?25h[?2026l[?2026h[?25l[A[1Gpulling manifest [K
pulling ac9bc7a69dab:  36% ▕██████            ▏ 3.2 GB/9.0 GB   98 MB/s     58s[K[?25h[?2026l[?2026h[?25l[A[1Gpulling manifest [K
pulling ac9bc7a69dab:  36% ▕██████            ▏ 3.2 GB/9.0 GB   98 MB/s     58s[K[?25h[?2026l[?2026h[?25l[A[1Gpulling manifest [K
pulling ac9bc7a69dab:  36% ▕██████            ▏ 3.2 GB/9.0 GB   98 MB/s     58s[K[?25h[?2026l[?2026h[?25l[A[1Gpulling manifest [K
pulling ac9bc7a69dab:  36% ▕██████            ▏ 3.2 GB/9.0 GB   98 MB/s     58s[K[?25h[?2026l[?2026h[?25l[A[1Gpulling manifest [K
pulling ac9bc7a69dab:  36% ▕██████            ▏ 3.2 GB/9.0 GB   98 MB/s     58s[K[?25h[?2026l[?2026h[?25l[A[1Gpulling manifest [K
pulling ac9bc7a69dab:  36% ▕██████            ▏ 3.3 GB/9.0 GB   98 MB/s     58s[K[?25h[?2026l[?2026h[?25l[A[1Gpulling manifest [K
pulling ac9bc7a69dab:  36% ▕██████            ▏ 3.3 GB/9.0 GB   98 MB/s     58s[K[?25h[?2026l[?2026h[?25l[A[1Gpulling manifest [K
pulling ac9bc7a69dab:  36% ▕██████            ▏ 3.3 GB/9.0 GB   98 MB/s     58s[K[?25h[?2026l[?2026h[?25l[A[1Gpulling manifest [K
pulling ac9bc7a69dab:  37% ▕██████            ▏ 3.3 GB/9.0 GB   98 MB/s     57s[K[?25h[?2026l[?2026h[?25l[A[1Gpulling manifest [K
pulling ac9bc7a69dab:  37% ▕██████            ▏ 3.3 GB/9.0 GB   98 MB/s     57s[K[?25h[?2026l[?2026h[?25l[A[1Gpulling manifest [K
pulling ac9bc7a69dab:  37% ▕██████            ▏ 3.3 GB/9.0 GB   98 MB/s     57s[K[?25h[?2026l[?2026h[?25l[A[1Gpulling manifest [K
pulling ac9bc7a69dab:  37% ▕██████            ▏ 3.3 GB/9.0 GB   98 MB/s     57s[K[?25h[?2026l[?2026h[?25l[A[1Gpulling manifest [K
pulling ac9bc7a69dab:  37% ▕██████            ▏ 3.3 GB/9.0 GB  100 MB/s     56s[K[?25h[?2026l[?2026h[?25l[A[1Gpulling manifest [K
pulling ac9bc7a69dab:  37% ▕██████            ▏ 3.3 GB/9.0 GB  100 MB/s     56s[K[?25h[?2026l[?2026h[?25l[A[1Gpulling manifest [K
pulling ac9bc7a69dab:  37% ▕██████            ▏ 3.3 GB/9.0 GB  100 MB/s     56s[K[?25h[?2026l[?2026h[?25l[A[1Gpulling manifest [K
pulling ac9bc7a69dab:  37% ▕██████            ▏ 3.4 GB/9.0 GB  100 MB/s     56s[K[?25h[?2026l[?2026h[?25l[A[1Gpulling manifest [K
pulling ac9bc7a69dab:  37% ▕██████            ▏ 3.4 GB/9.0 GB  100 MB/s     56s[K[?25h[?2026l[?2026h[?25l[A[1Gpulling manifest [K
pulling ac9bc7a69dab:  38% ▕██████            ▏ 3.4 GB/9.0 GB  100 MB/s     55s[K[?25h[?2026l[?2026h[?25l[A[1Gpulling manifest [K
pulling ac9bc7a69dab:  38% ▕██████            ▏ 3.4 GB/9.0 GB  100 MB/s     55s[K[?25h[?2026l[?2026h[?25l[A[1Gpulling manifest [K
pulling ac9bc7a69dab:  38% ▕██████            ▏ 3.4 GB/9.0 GB  100 MB/s     55s[K[?25h[?2026l[?2026h[?25l[A[1Gpulling manifest [K
pulling ac9bc7a69dab:  38% ▕██████            ▏ 3.4 GB/9.0 GB  100 MB/s     55s[K[?25h[?2026l[?2026h[?25l[A[1Gpulling manifest [K
pulling ac9bc7a69dab:  38% ▕██████            ▏ 3.4 GB/9.0 GB  100 MB/s     55s[K[?25h[?2026l[?2026h[?25l[A[1Gpulling manifest [K
pulling ac9bc7a69dab:  38% ▕██████            ▏ 3.4 GB/9.0 GB  100 MB/s     55s[K[?25h[?2026l[?2026h[?25l[A[1Gpulling manifest [K
pulling ac9bc7a69dab:  38% ▕██████            ▏ 3.4 GB/9.0 GB  100 MB/s     55s[K[?25h[?2026l[?2026h[?25l[A[1Gpulling manifest [K
pulling ac9bc7a69dab:  38% ▕██████            ▏ 3.4 GB/9.0 GB  100 MB/s     55s[K[?25h[?2026l[?2026h[?25l[A[1Gpulling manifest [K
pulling ac9bc7a69dab:  38% ▕██████            ▏ 3.5 GB/9.0 GB  100 MB/s     55s[K[?25h[?2026l[?2026h[?25l[A[1Gpulling manifest [K
pulling ac9bc7a69dab:  38% ▕██████            ▏ 3.5 GB/9.0 GB  100 MB/s     55s[K[?25h[?2026l[?2026h[?25l[A[1Gpulling manifest [K
pulling ac9bc7a69dab:  39% ▕██████            ▏ 3.5 GB/9.0 GB  100 MB/s     55s[K[?25h[?2026l[?2026h[?25l[A[1Gpulling manifest [K
pulling ac9bc7a69dab:  39% ▕██████            ▏ 3.5 GB/9.0 GB  100 MB/s     55s[K[?25h[?2026l[?2026h[?25l[A[1Gpulling manifest [K
pulling ac9bc7a69dab:  39% ▕██████            ▏ 3.5 GB/9.0 GB  100 MB/s     54s[K[?25h[?2026l[?2026h[?25l[A[1Gpulling manifest [K
pulling ac9bc7a69dab:  39% ▕███████           ▏ 3.5 GB/9.0 GB  100 MB/s     54s[K[?25h[?2026l[?2026h[?25l[A[1Gpulling manifest [K
pulling ac9bc7a69dab:  39% ▕███████           ▏ 3.5 GB/9.0 GB  100 MB/s     54s[K[?25h[?2026l[?2026h[?25l[A[1Gpulling manifest [K
pulling ac9bc7a69dab:  39% ▕███████           ▏ 3.5 GB/9.0 GB   99 MB/s     55s[K[?25h[?2026l[?2026h[?25l[A[1Gpulling manifest [K
pulling ac9bc7a69dab:  39% ▕███████           ▏ 3.5 GB/9.0 GB   99 MB/s     54s[K[?25h[?2026l[?2026h[?25l[A[1Gpulling manifest [K
pulling ac9bc7a69dab:  39% ▕███████           ▏ 3.5 GB/9.0 GB   99 MB/s     54s[K[?25h[?2026l[?2026h[?25l[A[1Gpulling manifest [K
pulling ac9bc7a69dab:  40% ▕███████           ▏ 3.6 GB/9.0 GB   99 MB/s     54s[K[?25h[?2026l[?2026h[?25l[A[1Gpulling manifest [K
pulling ac9bc7a69dab:  40% ▕███████           ▏ 3.6 GB/9.0 GB   99 MB/s     54s[K[?25h[?2026l[?2026h[?25l[A[1Gpulling manifest [K
pulling ac9bc7a69dab:  40% ▕███████           ▏ 3.6 GB/9.0 GB   99 MB/s     54s[K[?25h[?2026l[?2026h[?25l[A[1Gpulling manifest [K
pulling ac9bc7a69dab:  40% ▕███████           ▏ 3.6 GB/9.0 GB   99 MB/s     54s[K[?25h[?2026l[?2026h[?25l[A[1Gpulling manifest [K
pulling ac9bc7a69dab:  40% ▕███████           ▏ 3.6 GB/9.0 GB   99 MB/s     54s[K[?25h[?2026l[?2026h[?25l[A[1Gpulling manifest [K
pulling ac9bc7a69dab:  40% ▕███████           ▏ 3.6 GB/9.0 GB   99 MB/s     54s[K[?25h[?2026l[?2026h[?25l[A[1Gpulling manifest [K
pulling ac9bc7a69dab:  40% ▕███████           ▏ 3.6 GB/9.0 GB   99 MB/s     54s[K[?25h[?2026l[?2026h[?25l[A[1Gpulling manifest [K
pulling ac9bc7a69dab:  40% ▕███████           ▏ 3.6 GB/9.0 GB   99 MB/s     54s[K[?25h[?2026l[?2026h[?25l[A[1Gpulling manifest [K
pulling ac9bc7a69dab:  40% ▕███████           ▏ 3.6 GB/9.0 GB   98 MB/s     54s[K[?25h[?2026l[?2026h[?25l[A[1Gpulling manifest [K
pulling ac9bc7a69dab:  40% ▕███████           ▏ 3.6 GB/9.0 GB   98 MB/s     54s[K[?25h[?2026l[?2026h[?25l[A[1Gpulling manifest [K
pulling ac9bc7a69dab:  41% ▕███████           ▏ 3.6 GB/9.0 GB   98 MB/s     54s[K[?25h[?2026l[?2026h[?25l[A[1Gpulling manifest [K
pulling ac9bc7a69dab:  41% ▕███████           ▏ 3.7 GB/9.0 GB   98 MB/s     54s[K[?25h[?2026l[?2026h[?25l[A[1Gpulling manifest [K
pulling ac9bc7a69dab:  41% ▕███████           ▏ 3.7 GB/9.0 GB   98 MB/s     54s[K[?25h[?2026l[?2026h[?25l[A[1Gpulling manifest [K
pulling ac9bc7a69dab:  41% ▕███████           ▏ 3.7 GB/9.0 GB   98 MB/s     53s[K[?25h[?2026l[?2026h[?25l[A[1Gpulling manifest [K
pulling ac9bc7a69dab:  41% ▕███████           ▏ 3.7 GB/9.0 GB   98 MB/s     53s[K[?25h[?2026l[?2026h[?25l[A[1Gpulling manifest [K
pulling ac9bc7a69dab:  41% ▕███████           ▏ 3.7 GB/9.0 GB   98 MB/s     53s[K[?25h[?2026l[?2026h[?25l[A[1Gpulling manifest [K
pulling ac9bc7a69dab:  41% ▕███████           ▏ 3.7 GB/9.0 GB   98 MB/s     53s[K[?25h[?2026l[?2026h[?25l[A[1Gpulling manifest [K
pulling ac9bc7a69dab:  41% ▕███████           ▏ 3.7 GB/9.0 GB   98 MB/s     53s[K[?25h[?2026l[?2026h[?25l[A[1Gpulling manifest [K
pulling ac9bc7a69dab:  42% ▕███████           ▏ 3.7 GB/9.0 GB   98 MB/s     53s[K[?25h[?2026l[?2026h[?25l[A[1Gpulling manifest [K
pulling ac9bc7a69dab:  42% ▕███████           ▏ 3.7 GB/9.0 GB   98 MB/s     53s[K[?25h[?2026l[?2026h[?25l[A[1Gpulling manifest [K
pulling ac9bc7a69dab:  42% ▕███████           ▏ 3.8 GB/9.0 GB   98 MB/s     53s[K[?25h[?2026l[?2026h[?25l[A[1Gpulling manifest [K
pulling ac9bc7a69dab:  42% ▕███████           ▏ 3.8 GB/9.0 GB   98 MB/s     52s[K[?25h[?2026l[?2026h[?25l[A[1Gpulling manifest [K
pulling ac9bc7a69dab:  42% ▕███████           ▏ 3.8 GB/9.0 GB   98 MB/s     52s[K[?25h[?2026l[?2026h[?25l[A[1Gpulling manifest [K
pulling ac9bc7a69dab:  42% ▕███████           ▏ 3.8 GB/9.0 GB   98 MB/s     52s[K[?25h[?2026l[?2026h[?25l[A[1Gpulling manifest [K
pulling ac9bc7a69dab:  42% ▕███████           ▏ 3.8 GB/9.0 GB   98 MB/s     52s[K[?25h[?2026l[?2026h[?25l[A[1Gpulling manifest [K
pulling ac9bc7a69dab:  42% ▕███████           ▏ 3.8 GB/9.0 GB   98 MB/s     52s[K[?25h[?2026l[?2026h[?25l[A[1Gpulling manifest [K
pulling ac9bc7a69dab:  42% ▕███████           ▏ 3.8 GB/9.0 GB   98 MB/s     52s[K[?25h[?2026l[?2026h[?25l[A[1Gpulling manifest [K
pulling ac9bc7a69dab:  43% ▕███████           ▏ 3.8 GB/9.0 GB   98 MB/s     52s[K[?25h[?2026l[?2026h[?25l[A[1Gpulling manifest [K
pulling ac9bc7a69dab:  43% ▕███████           ▏ 3.8 GB/9.0 GB   98 MB/s     52s[K[?25h[?2026l[?2026h[?25l[A[1Gpulling manifest [K
pulling ac9bc7a69dab:  43% ▕███████           ▏ 3.8 GB/9.0 GB   98 MB/s     52s[K[?25h[?2026l[?2026h[?25l[A[1Gpulling manifest [K
pulling ac9bc7a69dab:  43% ▕███████           ▏ 3.9 GB/9.0 GB   98 MB/s     52s[K[?25h[?2026l[?2026h[?25l[A[1Gpulling manifest [K
pulling ac9bc7a69dab:  43% ▕███████           ▏ 3.9 GB/9.0 GB   98 MB/s     52s[K[?25h[?2026l[?2026h[?25l[A[1Gpulling manifest [K
pulling ac9bc7a69dab:  43% ▕███████           ▏ 3.9 GB/9.0 GB   98 MB/s     51s[K[?25h[?2026l[?2026h[?25l[A[1Gpulling manifest [K
pulling ac9bc7a69dab:  43% ▕███████           ▏ 3.9 GB/9.0 GB   98 MB/s     51s[K[?25h[?2026l[?2026h[?25l[A[1Gpulling manifest [K
pulling ac9bc7a69dab:  43% ▕███████           ▏ 3.9 GB/9.0 GB   98 MB/s     51s[K[?25h[?2026l[?2026h[?25l[A[1Gpulling manifest [K
pulling ac9bc7a69dab:  43% ▕███████           ▏ 3.9 GB/9.0 GB   98 MB/s     51s[K[?25h[?2026l[?2026h[?25l[A[1Gpulling manifest [K
pulling ac9bc7a69dab:  44% ▕███████           ▏ 3.9 GB/9.0 GB   98 MB/s     51s[K[?25h[?2026l[?2026h[?25l[A[1Gpulling manifest [K
pulling ac9bc7a69dab:  44% ▕███████           ▏ 3.9 GB/9.0 GB   98 MB/s     51s[K[?25h[?2026l[?2026h[?25l[A[1Gpulling manifest [K
pulling ac9bc7a69dab:  44% ▕███████           ▏ 3.9 GB/9.0 GB  100 MB/s     50s[K[?25h[?2026l[?2026h[?25l[A[1Gpulling manifest [K
pulling ac9bc7a69dab:  44% ▕███████           ▏ 3.9 GB/9.0 GB  100 MB/s     50s[K[?25h[?2026l[?2026h[?25l[A[1Gpulling manifest [K
pulling ac9bc7a69dab:  44% ▕███████           ▏ 3.9 GB/9.0 GB  100 MB/s     50s[K[?25h[?2026l[?2026h[?25l[A[1Gpulling manifest [K
pulling ac9bc7a69dab:  44% ▕███████           ▏ 4.0 GB/9.0 GB  100 MB/s     50s[K[?25h[?2026l[?2026h[?25l[A[1Gpulling manifest [K
pulling ac9bc7a69dab:  44% ▕███████           ▏ 4.0 GB/9.0 GB  100 MB/s     50s[K[?25h[?2026l[?2026h[?25l[A[1Gpulling manifest [K
pulling ac9bc7a69dab:  44% ▕███████           ▏ 4.0 GB/9.0 GB  100 MB/s     50s[K[?25h[?2026l[?2026h[?25l[A[1Gpulling manifest [K
pulling ac9bc7a69dab:  44% ▕███████           ▏ 4.0 GB/9.0 GB  100 MB/s     49s[K[?25h[?2026l[?2026h[?25l[A[1Gpulling manifest [K
pulling ac9bc7a69dab:  44% ▕███████           ▏ 4.0 GB/9.0 GB  100 MB/s     49s[K[?25h[?2026l[?2026h[?25l[A[1Gpulling manifest [K
pulling ac9bc7a69dab:  44% ▕███████           ▏ 4.0 GB/9.0 GB  100 MB/s     49s[K[?25h[?2026l[?2026h[?25l[A[1Gpulling manifest [K
pulling ac9bc7a69dab:  45% ▕████████          ▏ 4.0 GB/9.0 GB  100 MB/s     49s[K[?25h[?2026l[?2026h[?25l[A[1Gpulling manifest [K
pulling ac9bc7a69dab:  45% ▕████████          ▏ 4.0 GB/9.0 GB   98 MB/s     50s[K[?25h[?2026l[?2026h[?25l[A[1Gpulling manifest [K
pulling ac9bc7a69dab:  45% ▕████████          ▏ 4.0 GB/9.0 GB   98 MB/s     50s[K[?25h[?2026l[?2026h[?25l[A[1Gpulling manifest [K
pulling ac9bc7a69dab:  45% ▕████████          ▏ 4.0 GB/9.0 GB   98 MB/s     50s[K[?25h[?2026l[?2026h[?25l[A[1Gpulling manifest [K
pulling ac9bc7a69dab:  45% ▕████████          ▏ 4.0 GB/9.0 GB   98 MB/s     50s[K[?25h[?2026l[?2026h[?25l[A[1Gpulling manifest [K
pulling ac9bc7a69dab:  45% ▕████████          ▏ 4.1 GB/9.0 GB   98 MB/s     50s[K[?25h[?2026l[?2026h[?25l[A[1Gpulling manifest [K
pulling ac9bc7a69dab:  45% ▕████████          ▏ 4.1 GB/9.0 GB   98 MB/s     49s[K[?25h[?2026l[?2026h[?25l[A[1Gpulling manifest [K
pulling ac9bc7a69dab:  45% ▕████████          ▏ 4.1 GB/9.0 GB   98 MB/s     49s[K[?25h[?2026l[?2026h[?25l[A[1Gpulling manifest [K
pulling ac9bc7a69dab:  45% ▕████████          ▏ 4.1 GB/9.0 GB   98 MB/s     49s[K[?25h[?2026l[?2026h[?25l[A[1Gpulling manifest [K
pulling ac9bc7a69dab:  46% ▕████████          ▏ 4.1 GB/9.0 GB   98 MB/s     49s[K[?25h[?2026l[?2026h[?25l[A[1Gpulling manifest [K
pulling ac9bc7a69dab:  46% ▕████████          ▏ 4.1 GB/9.0 GB   98 MB/s     49s[K[?25h[?2026l[?2026h[?25l[A[1Gpulling manifest [K
pulling ac9bc7a69dab:  46% ▕████████          ▏ 4.1 GB/9.0 GB   98 MB/s     49s[K[?25h[?2026l[?2026h[?25l[A[1Gpulling manifest [K
pulling ac9bc7a69dab:  46% ▕████████          ▏ 4.1 GB/9.0 GB   99 MB/s     48s[K[?25h[?2026l[?2026h[?25l[A[1Gpulling manifest [K
pulling ac9bc7a69dab:  46% ▕████████          ▏ 4.1 GB/9.0 GB   99 MB/s     48s[K[?25h[?2026l[?2026h[?25l[A[1Gpulling manifest [K
pulling ac9bc7a69dab:  46% ▕████████          ▏ 4.1 GB/9.0 GB   99 MB/s     48s[K[?25h[?2026l[?2026h[?25l[A[1Gpulling manifest [K
pulling ac9bc7a69dab:  46% ▕████████          ▏ 4.2 GB/9.0 GB   99 MB/s     48s[K[?25h[?2026l[?2026h[?25l[A[1Gpulling manifest [K
pulling ac9bc7a69dab:  46% ▕████████          ▏ 4.2 GB/9.0 GB   99 MB/s     48s[K[?25h[?2026l[?2026h[?25l[A[1Gpulling manifest [K
pulling ac9bc7a69dab:  46% ▕████████          ▏ 4.2 GB/9.0 GB   99 MB/s     48s[K[?25h[?2026l[?2026h[?25l[A[1Gpulling manifest [K
pulling ac9bc7a69dab:  47% ▕████████          ▏ 4.2 GB/9.0 GB   99 MB/s     48s[K[?25h[?2026l[?2026h[?25l[A[1Gpulling manifest [K
pulling ac9bc7a69dab:  47% ▕████████          ▏ 4.2 GB/9.0 GB   99 MB/s     47s[K[?25h[?2026l[?2026h[?25l[A[1Gpulling manifest [K
pulling ac9bc7a69dab:  47% ▕████████          ▏ 4.2 GB/9.0 GB   99 MB/s     47s[K[?25h[?2026l[?2026h[?25l[A[1Gpulling manifest [K
pulling ac9bc7a69dab:  47% ▕████████          ▏ 4.2 GB/9.0 GB   99 MB/s     47s[K[?25h[?2026l[?2026h[?25l[A[1Gpulling manifest [K
pulling ac9bc7a69dab:  47% ▕████████          ▏ 4.2 GB/9.0 GB   99 MB/s     47s[K[?25h[?2026l[?2026h[?25l[A[1Gpulling manifest [K
pulling ac9bc7a69dab:  47% ▕████████          ▏ 4.2 GB/9.0 GB   99 MB/s     47s[K[?25h[?2026l[?2026h[?25l[A[1Gpulling manifest [K
pulling ac9bc7a69dab:  47% ▕████████          ▏ 4.2 GB/9.0 GB   99 MB/s     47s[K[?25h[?2026l[?2026h[?25l[A[1Gpulling manifest [K
pulling ac9bc7a69dab:  47% ▕████████          ▏ 4.3 GB/9.0 GB   99 MB/s     47s[K[?25h[?2026l[?2026h[?25l[A[1Gpulling manifest [K
pulling ac9bc7a69dab:  47% ▕████████          ▏ 4.3 GB/9.0 GB   99 MB/s     47s[K[?25h[?2026l[?2026h[?25l[A[1Gpulling manifest [K
pulling ac9bc7a69dab:  48% ▕████████          ▏ 4.3 GB/9.0 GB   99 MB/s     47s[K[?25h[?2026l[?2026h[?25l[A[1Gpulling manifest [K
pulling ac9bc7a69dab:  48% ▕████████          ▏ 4.3 GB/9.0 GB   99 MB/s     47s[K[?25h[?2026l[?2026h[?25l[A[1Gpulling manifest [K
pulling ac9bc7a69dab:  48% ▕████████          ▏ 4.3 GB/9.0 GB   99 MB/s     47s[K[?25h[?2026l[?2026h[?25l[A[1Gpulling manifest [K
pulling ac9bc7a69dab:  48% ▕████████          ▏ 4.3 GB/9.0 GB   99 MB/s     47s[K[?25h[?2026l[?2026h[?25l[A[1Gpulling manifest [K
pulling ac9bc7a69dab:  48% ▕████████          ▏ 4.3 GB/9.0 GB   99 MB/s     46s[K[?25h[?2026l[?2026h[?25l[A[1Gpulling manifest [K
pulling ac9bc7a69dab:  48% ▕████████          ▏ 4.3 GB/9.0 GB  100 MB/s     46s[K[?25h[?2026l[?2026h[?25l[A[1Gpulling manifest [K
pulling ac9bc7a69dab:  48% ▕████████          ▏ 4.3 GB/9.0 GB  100 MB/s     46s[K[?25h[?2026l[?2026h[?25l[A[1Gpulling manifest [K
pulling ac9bc7a69dab:  48% ▕████████          ▏ 4.3 GB/9.0 GB  100 MB/s     46s[K[?25h[?2026l[?2026h[?25l[A[1Gpulling manifest [K
pulling ac9bc7a69dab:  49% ▕████████          ▏ 4.4 GB/9.0 GB  100 MB/s     46s[K[?25h[?2026l[?2026h[?25l[A[1Gpulling manifest [K
pulling ac9bc7a69dab:  49% ▕████████          ▏ 4.4 GB/9.0 GB  100 MB/s     45s[K[?25h[?2026l[?2026h[?25l[A[1Gpulling manifest [K
pulling ac9bc7a69dab:  49% ▕████████          ▏ 4.4 GB/9.0 GB  100 MB/s     45s[K[?25h[?2026l[?2026h[?25l[A[1Gpulling manifest [K
pulling ac9bc7a69dab:  49% ▕████████          ▏ 4.4 GB/9.0 GB  100 MB/s     45s[K[?25h[?2026l[?2026h[?25l[A[1Gpulling manifest [K
pulling ac9bc7a69dab:  49% ▕████████          ▏ 4.4 GB/9.0 GB  100 MB/s     45s[K[?25h[?2026l[?2026h[?25l[A[1Gpulling manifest [K
pulling ac9bc7a69dab:  49% ▕████████          ▏ 4.4 GB/9.0 GB  100 MB/s     45s[K[?25h[?2026l[?2026h[?25l[A[1Gpulling manifest [K
pulling ac9bc7a69dab:  49% ▕████████          ▏ 4.4 GB/9.0 GB  100 MB/s     45s[K[?25h[?2026l[?2026h[?25l[A[1Gpulling manifest [K
pulling ac9bc7a69dab:  49% ▕████████          ▏ 4.4 GB/9.0 GB  101 MB/s     44s[K[?25h[?2026l[?2026h[?25l[A[1Gpulling manifest [K
pulling ac9bc7a69dab:  50% ▕████████          ▏ 4.5 GB/9.0 GB  101 MB/s     44s[K[?25h[?2026l[?2026h[?25l[A[1Gpulling manifest [K
pulling ac9bc7a69dab:  50% ▕████████          ▏ 4.5 GB/9.0 GB  101 MB/s     44s[K[?25h[?2026l[?2026h[?25l[A[1Gpulling manifest [K
pulling ac9bc7a69dab:  50% ▕████████          ▏ 4.5 GB/9.0 GB  101 MB/s     44s[K[?25h[?2026l[?2026h[?25l[A[1Gpulling manifest [K
pulling ac9bc7a69dab:  50% ▕████████          ▏ 4.5 GB/9.0 GB  101 MB/s     44s[K[?25h[?2026l[?2026h[?25l[A[1Gpulling manifest [K
pulling ac9bc7a69dab:  50% ▕████████          ▏ 4.5 GB/9.0 GB  101 MB/s     44s[K[?25h[?2026l[?2026h[?25l[A[1Gpulling manifest [K
pulling ac9bc7a69dab:  50% ▕█████████         ▏ 4.5 GB/9.0 GB  101 MB/s     43s[K[?25h[?2026l[?2026h[?25l[A[1Gpulling manifest [K
pulling ac9bc7a69dab:  50% ▕█████████         ▏ 4.5 GB/9.0 GB  101 MB/s     43s[K[?25h[?2026l[?2026h[?25l[A[1Gpulling manifest [K
pulling ac9bc7a69dab:  50% ▕█████████         ▏ 4.5 GB/9.0 GB  101 MB/s     43s[K[?25h[?2026l[?2026h[?25l[A[1Gpulling manifest [K
pulling ac9bc7a69dab:  50% ▕█████████         ▏ 4.5 GB/9.0 GB  101 MB/s     43s[K[?25h[?2026l[?2026h[?25l[A[1Gpulling manifest [K
pulling ac9bc7a69dab:  51% ▕█████████         ▏ 4.5 GB/9.0 GB  103 MB/s     42s[K[?25h[?2026l[?2026h[?25l[A[1Gpulling manifest [K
pulling ac9bc7a69dab:  51% ▕█████████         ▏ 4.6 GB/9.0 GB  103 MB/s     42s[K[?25h[?2026l[?2026h[?25l[A[1Gpulling manifest [K
pulling ac9bc7a69dab:  51% ▕█████████         ▏ 4.6 GB/9.0 GB  103 MB/s     42s[K[?25h[?2026l[?2026h[?25l[A[1Gpulling manifest [K
pulling ac9bc7a69dab:  51% ▕█████████         ▏ 4.6 GB/9.0 GB  103 MB/s     42s[K[?25h[?2026l[?2026h[?25l[A[1Gpulling manifest [K
pulling ac9bc7a69dab:  51% ▕█████████         ▏ 4.6 GB/9.0 GB  103 MB/s     42s[K[?25h[?2026l[?2026h[?25l[A[1Gpulling manifest [K
pulling ac9bc7a69dab:  51% ▕█████████         ▏ 4.6 GB/9.0 GB  103 MB/s     42s[K[?25h[?2026l[?2026h[?25l[A[1Gpulling manifest [K
pulling ac9bc7a69dab:  51% ▕█████████         ▏ 4.6 GB/9.0 GB  103 MB/s     42s[K[?25h[?2026l[?2026h[?25l[A[1Gpulling manifest [K
pulling ac9bc7a69dab:  51% ▕█████████         ▏ 4.6 GB/9.0 GB  103 MB/s     42s[K[?25h[?2026l[?2026h[?25l[A[1Gpulling manifest [K
pulling ac9bc7a69dab:  52% ▕█████████         ▏ 4.6 GB/9.0 GB  103 MB/s     42s[K[?25h[?2026l[?2026h[?25l[A[1Gpulling manifest [K
pulling ac9bc7a69dab:  52% ▕█████████         ▏ 4.6 GB/9.0 GB  103 MB/s     42s[K[?25h[?2026l[?2026h[?25l[A[1Gpulling manifest [K
pulling ac9bc7a69dab:  52% ▕█████████         ▏ 4.7 GB/9.0 GB  103 MB/s     41s[K[?25h[?2026l[?2026h[?25l[A[1Gpulling manifest [K
pulling ac9bc7a69dab:  52% ▕█████████         ▏ 4.7 GB/9.0 GB  103 MB/s     41s[K[?25h[?2026l[?2026h[?25l[A[1Gpulling manifest [K
pulling ac9bc7a69dab:  52% ▕█████████         ▏ 4.7 GB/9.0 GB  103 MB/s     41s[K[?25h[?2026l[?2026h[?25l[A[1Gpulling manifest [K
pulling ac9bc7a69dab:  52% ▕█████████         ▏ 4.7 GB/9.0 GB  103 MB/s     41s[K[?25h[?2026l[?2026h[?25l[A[1Gpulling manifest [K
pulling ac9bc7a69dab:  52% ▕█████████         ▏ 4.7 GB/9.0 GB  103 MB/s     41s[K[?25h[?2026l[?2026h[?25l[A[1Gpulling manifest [K
pulling ac9bc7a69dab:  52% ▕█████████         ▏ 4.7 GB/9.0 GB  103 MB/s     41s[K[?25h[?2026l[?2026h[?25l[A[1Gpulling manifest [K
pulling ac9bc7a69dab:  52% ▕█████████         ▏ 4.7 GB/9.0 GB  103 MB/s     41s[K[?25h[?2026l[?2026h[?25l[A[1Gpulling manifest [K
pulling ac9bc7a69dab:  53% ▕█████████         ▏ 4.7 GB/9.0 GB  103 MB/s     41s[K[?25h[?2026l[?2026h[?25l[A[1Gpulling manifest [K
pulling ac9bc7a69dab:  53% ▕█████████         ▏ 4.7 GB/9.0 GB  103 MB/s     41s[K[?25h[?2026l[?2026h[?25l[A[1Gpulling manifest [K
pulling ac9bc7a69dab:  53% ▕█████████         ▏ 4.7 GB/9.0 GB  103 MB/s     41s[K[?25h[?2026l[?2026h[?25l[A[1Gpulling manifest [K
pulling ac9bc7a69dab:  53% ▕█████████         ▏ 4.8 GB/9.0 GB  103 MB/s     40s[K[?25h[?2026l[?2026h[?25l[A[1Gpulling manifest [K
pulling ac9bc7a69dab:  53% ▕█████████         ▏ 4.8 GB/9.0 GB  104 MB/s     40s[K[?25h[?2026l[?2026h[?25l[A[1Gpulling manifest [K
pulling ac9bc7a69dab:  53% ▕█████████         ▏ 4.8 GB/9.0 GB  104 MB/s     40s[K[?25h[?2026l[?2026h[?25l[A[1Gpulling manifest [K
pulling ac9bc7a69dab:  53% ▕█████████         ▏ 4.8 GB/9.0 GB  104 MB/s     40s[K[?25h[?2026l[?2026h[?25l[A[1Gpulling manifest [K
pulling ac9bc7a69dab:  53% ▕█████████         ▏ 4.8 GB/9.0 GB  104 MB/s     40s[K[?25h[?2026l[?2026h[?25l[A[1Gpulling manifest [K
pulling ac9bc7a69dab:  54% ▕█████████         ▏ 4.8 GB/9.0 GB  104 MB/s     40s[K[?25h[?2026l[?2026h[?25l[A[1Gpulling manifest [K
pulling ac9bc7a69dab:  54% ▕█████████         ▏ 4.8 GB/9.0 GB  104 MB/s     39s[K[?25h[?2026l[?2026h[?25l[A[1Gpulling manifest [K
pulling ac9bc7a69dab:  54% ▕█████████         ▏ 4.8 GB/9.0 GB  104 MB/s     39s[K[?25h[?2026l[?2026h[?25l[A[1Gpulling manifest [K
pulling ac9bc7a69dab:  54% ▕█████████         ▏ 4.8 GB/9.0 GB  104 MB/s     39s[K[?25h[?2026l[?2026h[?25l[A[1Gpulling manifest [K
pulling ac9bc7a69dab:  54% ▕█████████         ▏ 4.9 GB/9.0 GB  104 MB/s     39s[K[?25h[?2026l[?2026h[?25l[A[1Gpulling manifest [K
pulling ac9bc7a69dab:  54% ▕█████████         ▏ 4.9 GB/9.0 GB  104 MB/s     39s[K[?25h[?2026l[?2026h[?25l[A[1Gpulling manifest [K
pulling ac9bc7a69dab:  54% ▕█████████         ▏ 4.9 GB/9.0 GB  104 MB/s     39s[K[?25h[?2026l[?2026h[?25l[A[1Gpulling manifest [K
pulling ac9bc7a69dab:  54% ▕█████████         ▏ 4.9 GB/9.0 GB  104 MB/s     39s[K[?25h[?2026l[?2026h[?25l[A[1Gpulling manifest [K
pulling ac9bc7a69dab:  54% ▕█████████         ▏ 4.9 GB/9.0 GB  104 MB/s     39s[K[?25h[?2026l[?2026h[?25l[A[1Gpulling manifest [K
pulling ac9bc7a69dab:  55% ▕█████████         ▏ 4.9 GB/9.0 GB  104 MB/s     39s[K[?25h[?2026l[?2026h[?25l[A[1Gpulling manifest [K
pulling ac9bc7a69dab:  55% ▕█████████         ▏ 4.9 GB/9.0 GB  104 MB/s     39s[K[?25h[?2026l[?2026h[?25l[A[1Gpulling manifest [K
pulling ac9bc7a69dab:  55% ▕█████████         ▏ 4.9 GB/9.0 GB  104 MB/s     39s[K[?25h[?2026l[?2026h[?25l[A[1Gpulling manifest [K
pulling ac9bc7a69dab:  55% ▕█████████         ▏ 4.9 GB/9.0 GB  104 MB/s     39s[K[?25h[?2026l[?2026h[?25l[A[1Gpulling manifest [K
pulling ac9bc7a69dab:  55% ▕█████████         ▏ 4.9 GB/9.0 GB  104 MB/s     38s[K[?25h[?2026l[?2026h[?25l[A[1Gpulling manifest [K
pulling ac9bc7a69dab:  55% ▕█████████         ▏ 4.9 GB/9.0 GB  104 MB/s     38s[K[?25h[?2026l[?2026h[?25l[A[1Gpulling manifest [K
pulling ac9bc7a69dab:  55% ▕█████████         ▏ 4.9 GB/9.0 GB  104 MB/s     38s[K[?25h[?2026l[?2026h[?25l[A[1Gpulling manifest [K
pulling ac9bc7a69dab:  55% ▕█████████         ▏ 5.0 GB/9.0 GB  104 MB/s     38s[K[?25h[?2026l[?2026h[?25l[A[1Gpulling manifest [K
pulling ac9bc7a69dab:  55% ▕█████████         ▏ 5.0 GB/9.0 GB  104 MB/s     38s[K[?25h[?2026l[?2026h[?25l[A[1Gpulling manifest [K
pulling ac9bc7a69dab:  55% ▕█████████         ▏ 5.0 GB/9.0 GB  104 MB/s     38s[K[?25h[?2026l[?2026h[?25l[A[1Gpulling manifest [K
pulling ac9bc7a69dab:  55% ▕█████████         ▏ 5.0 GB/9.0 GB  104 MB/s     38s[K[?25h[?2026l[?2026h[?25l[A[1Gpulling manifest [K
pulling ac9bc7a69dab:  56% ▕██████████        ▏ 5.0 GB/9.0 GB  104 MB/s     38s[K[?25h[?2026l[?2026h[?25l[A[1Gpulling manifest [K
pulling ac9bc7a69dab:  56% ▕██████████        ▏ 5.0 GB/9.0 GB  104 MB/s     38s[K[?25h[?2026l[?2026h[?25l[A[1Gpulling manifest [K
pulling ac9bc7a69dab:  56% ▕██████████        ▏ 5.0 GB/9.0 GB  104 MB/s     38s[K[?25h[?2026l[?2026h[?25l[A[1Gpulling manifest [K
pulling ac9bc7a69dab:  56% ▕██████████        ▏ 5.0 GB/9.0 GB  104 MB/s     38s[K[?25h[?2026l[?2026h[?25l[A[1Gpulling manifest [K
pulling ac9bc7a69dab:  56% ▕██████████        ▏ 5.0 GB/9.0 GB  104 MB/s     38s[K[?25h[?2026l[?2026h[?25l[A[1Gpulling manifest [K
pulling ac9bc7a69dab:  56% ▕██████████        ▏ 5.0 GB/9.0 GB  104 MB/s     37s[K[?25h[?2026l[?2026h[?25l[A[1Gpulling manifest [K
pulling ac9bc7a69dab:  56% ▕██████████        ▏ 5.0 GB/9.0 GB  101 MB/s     38s[K[?25h[?2026l[?2026h[?25l[A[1Gpulling manifest [K
pulling ac9bc7a69dab:  56% ▕██████████        ▏ 5.0 GB/9.0 GB  101 MB/s     38s[K[?25h[?2026l[?2026h[?25l[A[1Gpulling manifest [K
pulling ac9bc7a69dab:  56% ▕██████████        ▏ 5.1 GB/9.0 GB  101 MB/s     38s[K[?25h[?2026l[?2026h[?25l[A[1Gpulling manifest [K
pulling ac9bc7a69dab:  56% ▕██████████        ▏ 5.1 GB/9.0 GB  101 MB/s     38s[K[?25h[?2026l[?2026h[?25l[A[1Gpulling manifest [K
pulling ac9bc7a69dab:  57% ▕██████████        ▏ 5.1 GB/9.0 GB  101 MB/s     38s[K[?25h[?2026l[?2026h[?25l[A[1Gpulling manifest [K
pulling ac9bc7a69dab:  57% ▕██████████        ▏ 5.1 GB/9.0 GB  101 MB/s     38s[K[?25h[?2026l[?2026h[?25l[A[1Gpulling manifest [K
pulling ac9bc7a69dab:  57% ▕██████████        ▏ 5.1 GB/9.0 GB  101 MB/s     38s[K[?25h[?2026l[?2026h[?25l[A[1Gpulling manifest [K
pulling ac9bc7a69dab:  57% ▕██████████        ▏ 5.1 GB/9.0 GB  101 MB/s     38s[K[?25h[?2026l[?2026h[?25l[A[1Gpulling manifest [K
pulling ac9bc7a69dab:  57% ▕██████████        ▏ 5.1 GB/9.0 GB  101 MB/s     37s[K[?25h[?2026l[?2026h[?25l[A[1Gpulling manifest [K
pulling ac9bc7a69dab:  57% ▕██████████        ▏ 5.1 GB/9.0 GB  101 MB/s     37s[K[?25h[?2026l[?2026h[?25l[A[1Gpulling manifest [K
pulling ac9bc7a69dab:  57% ▕██████████        ▏ 5.1 GB/9.0 GB  101 MB/s     37s[K[?25h[?2026l[?2026h[?25l[A[1Gpulling manifest [K
pulling ac9bc7a69dab:  57% ▕██████████        ▏ 5.1 GB/9.0 GB  102 MB/s     37s[K[?25h[?2026l[?2026h[?25l[A[1Gpulling manifest [K
pulling ac9bc7a69dab:  57% ▕██████████        ▏ 5.2 GB/9.0 GB  102 MB/s     37s[K[?25h[?2026l[?2026h[?25l[A[1Gpulling manifest [K
pulling ac9bc7a69dab:  57% ▕██████████        ▏ 5.2 GB/9.0 GB  102 MB/s     37s[K[?25h[?2026l[?2026h[?25l[A[1Gpulling manifest [K
pulling ac9bc7a69dab:  58% ▕██████████        ▏ 5.2 GB/9.0 GB  102 MB/s     37s[K[?25h[?2026l[?2026h[?25l[A[1Gpulling manifest [K
pulling ac9bc7a69dab:  58% ▕██████████        ▏ 5.2 GB/9.0 GB  102 MB/s     37s[K[?25h[?2026l[?2026h[?25l[A[1Gpulling manifest [K
pulling ac9bc7a69dab:  58% ▕██████████        ▏ 5.2 GB/9.0 GB  102 MB/s     36s[K[?25h[?2026l[?2026h[?25l[A[1Gpulling manifest [K
pulling ac9bc7a69dab:  58% ▕██████████        ▏ 5.2 GB/9.0 GB  102 MB/s     36s[K[?25h[?2026l[?2026h[?25l[A[1Gpulling manifest [K
pulling ac9bc7a69dab:  58% ▕██████████        ▏ 5.2 GB/9.0 GB  102 MB/s     36s[K[?25h[?2026l[?2026h[?25l[A[1Gpulling manifest [K
pulling ac9bc7a69dab:  58% ▕██████████        ▏ 5.2 GB/9.0 GB  102 MB/s     36s[K[?25h[?2026l[?2026h[?25l[A[1Gpulling manifest [K
pulling ac9bc7a69dab:  58% ▕██████████        ▏ 5.2 GB/9.0 GB  102 MB/s     36s[K[?25h[?2026l[?2026h[?25l[A[1Gpulling manifest [K
pulling ac9bc7a69dab:  58% ▕██████████        ▏ 5.2 GB/9.0 GB  101 MB/s     36s[K[?25h[?2026l[?2026h[?25l[A[1Gpulling manifest [K
pulling ac9bc7a69dab:  58% ▕██████████        ▏ 5.3 GB/9.0 GB  101 MB/s     36s[K[?25h[?2026l[?2026h[?25l[A[1Gpulling manifest [K
pulling ac9bc7a69dab:  59% ▕██████████        ▏ 5.3 GB/9.0 GB  101 MB/s     36s[K[?25h[?2026l[?2026h[?25l[A[1Gpulling manifest [K
pulling ac9bc7a69dab:  59% ▕██████████        ▏ 5.3 GB/9.0 GB  101 MB/s     36s[K[?25h[?2026l[?2026h[?25l[A[1Gpulling manifest [K
pulling ac9bc7a69dab:  59% ▕██████████        ▏ 5.3 GB/9.0 GB  101 MB/s     36s[K[?25h[?2026l[?2026h[?25l[A[1Gpulling manifest [K
pulling ac9bc7a69dab:  59% ▕██████████        ▏ 5.3 GB/9.0 GB  101 MB/s     36s[K[?25h[?2026l[?2026h[?25l[A[1Gpulling manifest [K
pulling ac9bc7a69dab:  59% ▕██████████        ▏ 5.3 GB/9.0 GB  101 MB/s     36s[K[?25h[?2026l[?2026h[?25l[A[1Gpulling manifest [K
pulling ac9bc7a69dab:  59% ▕██████████        ▏ 5.3 GB/9.0 GB  101 MB/s     36s[K[?25h[?2026l[?2026h[?25l[A[1Gpulling manifest [K
pulling ac9bc7a69dab:  59% ▕██████████        ▏ 5.3 GB/9.0 GB  101 MB/s     36s[K[?25h[?2026l[?2026h[?25l[A[1Gpulling manifest [K
pulling ac9bc7a69dab:  59% ▕██████████        ▏ 5.3 GB/9.0 GB  101 MB/s     36s[K[?25h[?2026l[?2026h[?25l[A[1Gpulling manifest [K
pulling ac9bc7a69dab:  59% ▕██████████        ▏ 5.3 GB/9.0 GB  100 MB/s     36s[K[?25h[?2026l[?2026h[?25l[A[1Gpulling manifest [K
pulling ac9bc7a69dab:  60% ▕██████████        ▏ 5.4 GB/9.0 GB  100 MB/s     36s[K[?25h[?2026l[?2026h[?25l[A[1Gpulling manifest [K
pulling ac9bc7a69dab:  60% ▕██████████        ▏ 5.4 GB/9.0 GB  100 MB/s     35s[K[?25h[?2026l[?2026h[?25l[A[1Gpulling manifest [K
pulling ac9bc7a69dab:  60% ▕██████████        ▏ 5.4 GB/9.0 GB  100 MB/s     35s[K[?25h[?2026l[?2026h[?25l[A[1Gpulling manifest [K
pulling ac9bc7a69dab:  60% ▕██████████        ▏ 5.4 GB/9.0 GB  100 MB/s     35s[K[?25h[?2026l[?2026h[?25l[A[1Gpulling manifest [K
pulling ac9bc7a69dab:  60% ▕██████████        ▏ 5.4 GB/9.0 GB  100 MB/s     35s[K[?25h[?2026l[?2026h[?25l[A[1Gpulling manifest [K
pulling ac9bc7a69dab:  60% ▕██████████        ▏ 5.4 GB/9.0 GB  100 MB/s     35s[K[?25h[?2026l[?2026h[?25l[A[1Gpulling manifest [K
pulling ac9bc7a69dab:  60% ▕██████████        ▏ 5.4 GB/9.0 GB  100 MB/s     35s[K[?25h[?2026l[?2026h[?25l[A[1Gpulling manifest [K
pulling ac9bc7a69dab:  60% ▕██████████        ▏ 5.4 GB/9.0 GB  100 MB/s     35s[K[?25h[?2026l[?2026h[?25l[A[1Gpulling manifest [K
pulling ac9bc7a69dab:  61% ▕██████████        ▏ 5.4 GB/9.0 GB  100 MB/s     35s[K[?25h[?2026l[?2026h[?25l[A[1Gpulling manifest [K
pulling ac9bc7a69dab:  61% ▕██████████        ▏ 5.5 GB/9.0 GB  100 MB/s     35s[K[?25h[?2026l[?2026h[?25l[A[1Gpulling manifest [K
pulling ac9bc7a69dab:  61% ▕██████████        ▏ 5.5 GB/9.0 GB  100 MB/s     35s[K[?25h[?2026l[?2026h[?25l[A[1Gpulling manifest [K
pulling ac9bc7a69dab:  61% ▕██████████        ▏ 5.5 GB/9.0 GB  100 MB/s     35s[K[?25h[?2026l[?2026h[?25l[A[1Gpulling manifest [K
pulling ac9bc7a69dab:  61% ▕██████████        ▏ 5.5 GB/9.0 GB  100 MB/s     34s[K[?25h[?2026l[?2026h[?25l[A[1Gpulling manifest [K
pulling ac9bc7a69dab:  61% ▕██████████        ▏ 5.5 GB/9.0 GB  100 MB/s     34s[K[?25h[?2026l[?2026h[?25l[A[1Gpulling manifest [K
pulling ac9bc7a69dab:  61% ▕███████████       ▏ 5.5 GB/9.0 GB  100 MB/s     34s[K[?25h[?2026l[?2026h[?25l[A[1Gpulling manifest [K
pulling ac9bc7a69dab:  61% ▕███████████       ▏ 5.5 GB/9.0 GB  100 MB/s     34s[K[?25h[?2026l[?2026h[?25l[A[1Gpulling manifest [K
pulling ac9bc7a69dab:  61% ▕███████████       ▏ 5.5 GB/9.0 GB  100 MB/s     34s[K[?25h[?2026l[?2026h[?25l[A[1Gpulling manifest [K
pulling ac9bc7a69dab:  61% ▕███████████       ▏ 5.5 GB/9.0 GB  100 MB/s     34s[K[?25h[?2026l[?2026h[?25l[A[1Gpulling manifest [K
pulling ac9bc7a69dab:  62% ▕███████████       ▏ 5.5 GB/9.0 GB  100 MB/s     34s[K[?25h[?2026l[?2026h[?25l[A[1Gpulling manifest [K
pulling ac9bc7a69dab:  62% ▕███████████       ▏ 5.5 GB/9.0 GB   98 MB/s     35s[K[?25h[?2026l[?2026h[?25l[A[1Gpulling manifest [K
pulling ac9bc7a69dab:  62% ▕███████████       ▏ 5.5 GB/9.0 GB   98 MB/s     34s[K[?25h[?2026l[?2026h[?25l[A[1Gpulling manifest [K
pulling ac9bc7a69dab:  62% ▕███████████       ▏ 5.6 GB/9.0 GB   98 MB/s     34s[K[?25h[?2026l[?2026h[?25l[A[1Gpulling manifest [K
pulling ac9bc7a69dab:  62% ▕███████████       ▏ 5.6 GB/9.0 GB   98 MB/s     34s[K[?25h[?2026l[?2026h[?25l[A[1Gpulling manifest [K
pulling ac9bc7a69dab:  62% ▕███████████       ▏ 5.6 GB/9.0 GB   98 MB/s     34s[K[?25h[?2026l[?2026h[?25l[A[1Gpulling manifest [K
pulling ac9bc7a69dab:  62% ▕███████████       ▏ 5.6 GB/9.0 GB   98 MB/s     34s[K[?25h[?2026l[?2026h[?25l[A[1Gpulling manifest [K
pulling ac9bc7a69dab:  62% ▕███████████       ▏ 5.6 GB/9.0 GB   98 MB/s     34s[K[?25h[?2026l[?2026h[?25l[A[1Gpulling manifest [K
pulling ac9bc7a69dab:  62% ▕███████████       ▏ 5.6 GB/9.0 GB   98 MB/s     34s[K[?25h[?2026l[?2026h[?25l[A[1Gpulling manifest [K
pulling ac9bc7a69dab:  62% ▕███████████       ▏ 5.6 GB/9.0 GB   98 MB/s     34s[K[?25h[?2026l[?2026h[?25l[A[1Gpulling manifest [K
pulling ac9bc7a69dab:  62% ▕███████████       ▏ 5.6 GB/9.0 GB   98 MB/s     34s[K[?25h[?2026l[?2026h[?25l[A[1Gpulling manifest [K
pulling ac9bc7a69dab:  62% ▕███████████       ▏ 5.6 GB/9.0 GB   98 MB/s     34s[K[?25h[?2026l[?2026h[?25l[A[1Gpulling manifest [K
pulling ac9bc7a69dab:  63% ▕███████████       ▏ 5.6 GB/9.0 GB   94 MB/s     35s[K[?25h[?2026l[?2026h[?25l[A[1Gpulling manifest [K
pulling ac9bc7a69dab:  63% ▕███████████       ▏ 5.6 GB/9.0 GB   94 MB/s     35s[K[?25h[?2026l[?2026h[?25l[A[1Gpulling manifest [K
pulling ac9bc7a69dab:  63% ▕███████████       ▏ 5.6 GB/9.0 GB   94 MB/s     35s[K[?25h[?2026l[?2026h[?25l[A[1Gpulling manifest [K
pulling ac9bc7a69dab:  63% ▕███████████       ▏ 5.6 GB/9.0 GB   94 MB/s     35s[K[?25h[?2026l[?2026h[?25l[A[1Gpulling manifest [K
pulling ac9bc7a69dab:  63% ▕███████████       ▏ 5.7 GB/9.0 GB   94 MB/s     35s[K[?25h[?2026l[?2026h[?25l[A[1Gpulling manifest [K
pulling ac9bc7a69dab:  63% ▕███████████       ▏ 5.7 GB/9.0 GB   94 MB/s     35s[K[?25h[?2026l[?2026h[?25l[A[1Gpulling manifest [K
pulling ac9bc7a69dab:  63% ▕███████████       ▏ 5.7 GB/9.0 GB   94 MB/s     35s[K[?25h[?2026l[?2026h[?25l[A[1Gpulling manifest [K
pulling ac9bc7a69dab:  63% ▕███████████       ▏ 5.7 GB/9.0 GB   94 MB/s     35s[K[?25h[?2026l[?2026h[?25l[A[1Gpulling manifest [K
pulling ac9bc7a69dab:  63% ▕███████████       ▏ 5.7 GB/9.0 GB   94 MB/s     34s[K[?25h[?2026l[?2026h[?25l[A[1Gpulling manifest [K
pulling ac9bc7a69dab:  63% ▕███████████       ▏ 5.7 GB/9.0 GB   94 MB/s     34s[K[?25h[?2026l[?2026h[?25l[A[1Gpulling manifest [K
pulling ac9bc7a69dab:  64% ▕███████████       ▏ 5.7 GB/9.0 GB   93 MB/s     34s[K[?25h[?2026l[?2026h[?25l[A[1Gpulling manifest [K
pulling ac9bc7a69dab:  64% ▕███████████       ▏ 5.7 GB/9.0 GB   93 MB/s     34s[K[?25h[?2026l[?2026h[?25l[A[1Gpulling manifest [K
pulling ac9bc7a69dab:  64% ▕███████████       ▏ 5.7 GB/9.0 GB   93 MB/s     34s[K[?25h[?2026l[?2026h[?25l[A[1Gpulling manifest [K
pulling ac9bc7a69dab:  64% ▕███████████       ▏ 5.7 GB/9.0 GB   93 MB/s     34s[K[?25h[?2026l[?2026h[?25l[A[1Gpulling manifest [K
pulling ac9bc7a69dab:  64% ▕███████████       ▏ 5.8 GB/9.0 GB   93 MB/s     34s[K[?25h[?2026l[?2026h[?25l[A[1Gpulling manifest [K
pulling ac9bc7a69dab:  64% ▕███████████       ▏ 5.8 GB/9.0 GB   93 MB/s     34s[K[?25h[?2026l[?2026h[?25l[A[1Gpulling manifest [K
pulling ac9bc7a69dab:  64% ▕███████████       ▏ 5.8 GB/9.0 GB   93 MB/s     34s[K[?25h[?2026l[?2026h[?25l[A[1Gpulling manifest [K
pulling ac9bc7a69dab:  64% ▕███████████       ▏ 5.8 GB/9.0 GB   93 MB/s     34s[K[?25h[?2026l[?2026h[?25l[A[1Gpulling manifest [K
pulling ac9bc7a69dab:  64% ▕███████████       ▏ 5.8 GB/9.0 GB   93 MB/s     34s[K[?25h[?2026l[?2026h[?25l[A[1Gpulling manifest [K
pulling ac9bc7a69dab:  65% ▕███████████       ▏ 5.8 GB/9.0 GB   93 MB/s     33s[K[?25h[?2026l[?2026h[?25l[A[1Gpulling manifest [K
pulling ac9bc7a69dab:  65% ▕███████████       ▏ 5.8 GB/9.0 GB   95 MB/s     33s[K[?25h[?2026l[?2026h[?25l[A[1Gpulling manifest [K
pulling ac9bc7a69dab:  65% ▕███████████       ▏ 5.8 GB/9.0 GB   95 MB/s     33s[K[?25h[?2026l[?2026h[?25l[A[1Gpulling manifest [K
pulling ac9bc7a69dab:  65% ▕███████████       ▏ 5.8 GB/9.0 GB   95 MB/s     33s[K[?25h[?2026l[?2026h[?25l[A[1Gpulling manifest [K
pulling ac9bc7a69dab:  65% ▕███████████       ▏ 5.8 GB/9.0 GB   95 MB/s     33s[K[?25h[?2026l[?2026h[?25l[A[1Gpulling manifest [K
pulling ac9bc7a69dab:  65% ▕███████████       ▏ 5.9 GB/9.0 GB   95 MB/s     32s[K[?25h[?2026l[?2026h[?25l[A[1Gpulling manifest [K
pulling ac9bc7a69dab:  65% ▕███████████       ▏ 5.9 GB/9.0 GB   95 MB/s     32s[K[?25h[?2026l[?2026h[?25l[A[1Gpulling manifest [K
pulling ac9bc7a69dab:  65% ▕███████████       ▏ 5.9 GB/9.0 GB   95 MB/s     32s[K[?25h[?2026l[?2026h[?25l[A[1Gpulling manifest [K
pulling ac9bc7a69dab:  65% ▕███████████       ▏ 5.9 GB/9.0 GB   95 MB/s     32s[K[?25h[?2026l[?2026h[?25l[A[1Gpulling manifest [K
pulling ac9bc7a69dab:  66% ▕███████████       ▏ 5.9 GB/9.0 GB   95 MB/s     32s[K[?25h[?2026l[?2026h[?25l[A[1Gpulling manifest [K
pulling ac9bc7a69dab:  66% ▕███████████       ▏ 5.9 GB/9.0 GB   95 MB/s     32s[K[?25h[?2026l[?2026h[?25l[A[1Gpulling manifest [K
pulling ac9bc7a69dab:  66% ▕███████████       ▏ 5.9 GB/9.0 GB   96 MB/s     31s[K[?25h[?2026l[?2026h[?25l[A[1Gpulling manifest [K
pulling ac9bc7a69dab:  66% ▕███████████       ▏ 5.9 GB/9.0 GB   96 MB/s     31s[K[?25h[?2026l[?2026h[?25l[A[1Gpulling manifest [K
pulling ac9bc7a69dab:  66% ▕███████████       ▏ 5.9 GB/9.0 GB   96 MB/s     31s[K[?25h[?2026l[?2026h[?25l[A[1Gpulling manifest [K
pulling ac9bc7a69dab:  66% ▕███████████       ▏ 5.9 GB/9.0 GB   96 MB/s     31s[K[?25h[?2026l[?2026h[?25l[A[1Gpulling manifest [K
pulling ac9bc7a69dab:  66% ▕███████████       ▏ 5.9 GB/9.0 GB   96 MB/s     31s[K[?25h[?2026l[?2026h[?25l[A[1Gpulling manifest [K
pulling ac9bc7a69dab:  66% ▕███████████       ▏ 6.0 GB/9.0 GB   96 MB/s     31s[K[?25h[?2026l[?2026h[?25l[A[1Gpulling manifest [K
pulling ac9bc7a69dab:  66% ▕███████████       ▏ 6.0 GB/9.0 GB   96 MB/s     31s[K[?25h[?2026l[?2026h[?25l[A[1Gpulling manifest [K
pulling ac9bc7a69dab:  66% ▕███████████       ▏ 6.0 GB/9.0 GB   96 MB/s     31s[K[?25h[?2026l[?2026h[?25l[A[1Gpulling manifest [K
pulling ac9bc7a69dab:  67% ▕███████████       ▏ 6.0 GB/9.0 GB   96 MB/s     31s[K[?25h[?2026l[?2026h[?25l[A[1Gpulling manifest [K
pulling ac9bc7a69dab:  67% ▕███████████       ▏ 6.0 GB/9.0 GB   96 MB/s     31s[K[?25h[?2026l[?2026h[?25l[A[1Gpulling manifest [K
pulling ac9bc7a69dab:  67% ▕████████████      ▏ 6.0 GB/9.0 GB   94 MB/s     31s[K[?25h[?2026l[?2026h[?25l[A[1Gpulling manifest [K
pulling ac9bc7a69dab:  67% ▕████████████      ▏ 6.0 GB/9.0 GB   94 MB/s     31s[K[?25h[?2026l[?2026h[?25l[A[1Gpulling manifest [K
pulling ac9bc7a69dab:  67% ▕████████████      ▏ 6.0 GB/9.0 GB   94 MB/s     31s[K[?25h[?2026l[?2026h[?25l[A[1Gpulling manifest [K
pulling ac9bc7a69dab:  67% ▕████████████      ▏ 6.0 GB/9.0 GB   94 MB/s     31s[K[?25h[?2026l[?2026h[?25l[A[1Gpulling manifest [K
pulling ac9bc7a69dab:  67% ▕████████████      ▏ 6.0 GB/9.0 GB   94 MB/s     31s[K[?25h[?2026l[?2026h[?25l[A[1Gpulling manifest [K
pulling ac9bc7a69dab:  67% ▕████████████      ▏ 6.0 GB/9.0 GB   94 MB/s     31s[K[?25h[?2026l[?2026h[?25l[A[1Gpulling manifest [K
pulling ac9bc7a69dab:  67% ▕████████████      ▏ 6.1 GB/9.0 GB   94 MB/s     30s[K[?25h[?2026l[?2026h[?25l[A[1Gpulling manifest [K
pulling ac9bc7a69dab:  67% ▕████████████      ▏ 6.1 GB/9.0 GB   94 MB/s     30s[K[?25h[?2026l[?2026h[?25l[A[1Gpulling manifest [K
pulling ac9bc7a69dab:  68% ▕████████████      ▏ 6.1 GB/9.0 GB   94 MB/s     30s[K[?25h[?2026l[?2026h[?25l[A[1Gpulling manifest [K
pulling ac9bc7a69dab:  68% ▕████████████      ▏ 6.1 GB/9.0 GB   94 MB/s     30s[K[?25h[?2026l[?2026h[?25l[A[1Gpulling manifest [K
pulling ac9bc7a69dab:  68% ▕████████████      ▏ 6.1 GB/9.0 GB   94 MB/s     30s[K[?25h[?2026l[?2026h[?25l[A[1Gpulling manifest [K
pulling ac9bc7a69dab:  68% ▕████████████      ▏ 6.1 GB/9.0 GB   94 MB/s     30s[K[?25h[?2026l[?2026h[?25l[A[1Gpulling manifest [K
pulling ac9bc7a69dab:  68% ▕████████████      ▏ 6.1 GB/9.0 GB   94 MB/s     30s[K[?25h[?2026l[?2026h[?25l[A[1Gpulling manifest [K
pulling ac9bc7a69dab:  68% ▕████████████      ▏ 6.1 GB/9.0 GB   94 MB/s     30s[K[?25h[?2026l[?2026h[?25l[A[1Gpulling manifest [K
pulling ac9bc7a69dab:  68% ▕████████████      ▏ 6.1 GB/9.0 GB   94 MB/s     30s[K[?25h[?2026l[?2026h[?25l[A[1Gpulling manifest [K
pulling ac9bc7a69dab:  68% ▕████████████      ▏ 6.1 GB/9.0 GB   94 MB/s     30s[K[?25h[?2026l[?2026h[?25l[A[1Gpulling manifest [K
pulling ac9bc7a69dab:  68% ▕████████████      ▏ 6.1 GB/9.0 GB   94 MB/s     30s[K[?25h[?2026l[?2026h[?25l[A[1Gpulling manifest [K
pulling ac9bc7a69dab:  68% ▕████████████      ▏ 6.2 GB/9.0 GB   94 MB/s     30s[K[?25h[?2026l[?2026h[?25l[A[1Gpulling manifest [K
pulling ac9bc7a69dab:  69% ▕████████████      ▏ 6.2 GB/9.0 GB   94 MB/s     29s[K[?25h[?2026l[?2026h[?25l[A[1Gpulling manifest [K
pulling ac9bc7a69dab:  69% ▕████████████      ▏ 6.2 GB/9.0 GB   94 MB/s     29s[K[?25h[?2026l[?2026h[?25l[A[1Gpulling manifest [K
pulling ac9bc7a69dab:  69% ▕████████████      ▏ 6.2 GB/9.0 GB   94 MB/s     29s[K[?25h[?2026l[?2026h[?25l[A[1Gpulling manifest [K
pulling ac9bc7a69dab:  69% ▕████████████      ▏ 6.2 GB/9.0 GB   93 MB/s     29s[K[?25h[?2026l[?2026h[?25l[A[1Gpulling manifest [K
pulling ac9bc7a69dab:  69% ▕████████████      ▏ 6.2 GB/9.0 GB   93 MB/s     29s[K[?25h[?2026l[?2026h[?25l[A[1Gpulling manifest [K
pulling ac9bc7a69dab:  69% ▕████████████      ▏ 6.2 GB/9.0 GB   93 MB/s     29s[K[?25h[?2026l[?2026h[?25l[A[1Gpulling manifest [K
pulling ac9bc7a69dab:  69% ▕████████████      ▏ 6.2 GB/9.0 GB   93 MB/s     29s[K[?25h[?2026l[?2026h[?25l[A[1Gpulling manifest [K
pulling ac9bc7a69dab:  69% ▕████████████      ▏ 6.2 GB/9.0 GB   93 MB/s     29s[K[?25h[?2026l[?2026h[?25l[A[1Gpulling manifest [K
pulling ac9bc7a69dab:  69% ▕████████████      ▏ 6.2 GB/9.0 GB   93 MB/s     29s[K[?25h[?2026l[?2026h[?25l[A[1Gpulling manifest [K
pulling ac9bc7a69dab:  69% ▕████████████      ▏ 6.2 GB/9.0 GB   93 MB/s     29s[K[?25h[?2026l[?2026h[?25l[A[1Gpulling manifest [K
pulling ac9bc7a69dab:  70% ▕████████████      ▏ 6.3 GB/9.0 GB   93 MB/s     29s[K[?25h[?2026l[?2026h[?25l[A[1Gpulling manifest [K
pulling ac9bc7a69dab:  70% ▕████████████      ▏ 6.3 GB/9.0 GB   93 MB/s     29s[K[?25h[?2026l[?2026h[?25l[A[1Gpulling manifest [K
pulling ac9bc7a69dab:  70% ▕████████████      ▏ 6.3 GB/9.0 GB   93 MB/s     29s[K[?25h[?2026l[?2026h[?25l[A[1Gpulling manifest [K
pulling ac9bc7a69dab:  70% ▕████████████      ▏ 6.3 GB/9.0 GB   92 MB/s     29s[K[?25h[?2026l[?2026h[?25l[A[1Gpulling manifest [K
pulling ac9bc7a69dab:  70% ▕████████████      ▏ 6.3 GB/9.0 GB   92 MB/s     29s[K[?25h[?2026l[?2026h[?25l[A[1Gpulling manifest [K
pulling ac9bc7a69dab:  70% ▕████████████      ▏ 6.3 GB/9.0 GB   92 MB/s     29s[K[?25h[?2026l[?2026h[?25l[A[1Gpulling manifest [K
pulling ac9bc7a69dab:  70% ▕████████████      ▏ 6.3 GB/9.0 GB   92 MB/s     29s[K[?25h[?2026l[?2026h[?25l[A[1Gpulling manifest [K
pulling ac9bc7a69dab:  70% ▕████████████      ▏ 6.3 GB/9.0 GB   92 MB/s     28s[K[?25h[?2026l[?2026h[?25l[A[1Gpulling manifest [K
pulling ac9bc7a69dab:  70% ▕████████████      ▏ 6.3 GB/9.0 GB   92 MB/s     28s[K[?25h[?2026l[?2026h[?25l[A[1Gpulling manifest [K
pulling ac9bc7a69dab:  71% ▕████████████      ▏ 6.3 GB/9.0 GB   92 MB/s     28s[K[?25h[?2026l[?2026h[?25l[A[1Gpulling manifest [K
pulling ac9bc7a69dab:  71% ▕████████████      ▏ 6.4 GB/9.0 GB   92 MB/s     28s[K[?25h[?2026l[?2026h[?25l[A[1Gpulling manifest [K
pulling ac9bc7a69dab:  71% ▕████████████      ▏ 6.4 GB/9.0 GB   92 MB/s     28s[K[?25h[?2026l[?2026h[?25l[A[1Gpulling manifest [K
pulling ac9bc7a69dab:  71% ▕████████████      ▏ 6.4 GB/9.0 GB   92 MB/s     28s[K[?25h[?2026l[?2026h[?25l[A[1Gpulling manifest [K
pulling ac9bc7a69dab:  71% ▕████████████      ▏ 6.4 GB/9.0 GB   93 MB/s     28s[K[?25h[?2026l[?2026h[?25l[A[1Gpulling manifest [K
pulling ac9bc7a69dab:  71% ▕████████████      ▏ 6.4 GB/9.0 GB   93 MB/s     27s[K[?25h[?2026l[?2026h[?25l[A[1Gpulling manifest [K
pulling ac9bc7a69dab:  71% ▕████████████      ▏ 6.4 GB/9.0 GB   93 MB/s     27s[K[?25h[?2026l[?2026h[?25l[A[1Gpulling manifest [K
pulling ac9bc7a69dab:  71% ▕████████████      ▏ 6.4 GB/9.0 GB   93 MB/s     27s[K[?25h[?2026l[?2026h[?25l[A[1Gpulling manifest [K
pulling ac9bc7a69dab:  71% ▕████████████      ▏ 6.4 GB/9.0 GB   93 MB/s     27s[K[?25h[?2026l[?2026h[?25l[A[1Gpulling manifest [K
pulling ac9bc7a69dab:  71% ▕████████████      ▏ 6.4 GB/9.0 GB   93 MB/s     27s[K[?25h[?2026l[?2026h[?25l[A[1Gpulling manifest [K
pulling ac9bc7a69dab:  72% ▕████████████      ▏ 6.4 GB/9.0 GB   93 MB/s     27s[K[?25h[?2026l[?2026h[?25l[A[1Gpulling manifest [K
pulling ac9bc7a69dab:  72% ▕████████████      ▏ 6.4 GB/9.0 GB   93 MB/s     27s[K[?25h[?2026l[?2026h[?25l[A[1Gpulling manifest [K
pulling ac9bc7a69dab:  72% ▕████████████      ▏ 6.5 GB/9.0 GB   93 MB/s     27s[K[?25h[?2026l[?2026h[?25l[A[1Gpulling manifest [K
pulling ac9bc7a69dab:  72% ▕████████████      ▏ 6.5 GB/9.0 GB   93 MB/s     27s[K[?25h[?2026l[?2026h[?25l[A[1Gpulling manifest [K
pulling ac9bc7a69dab:  72% ▕████████████      ▏ 6.5 GB/9.0 GB   95 MB/s     26s[K[?25h[?2026l[?2026h[?25l[A[1Gpulling manifest [K
pulling ac9bc7a69dab:  72% ▕████████████      ▏ 6.5 GB/9.0 GB   95 MB/s     26s[K[?25h[?2026l[?2026h[?25l[A[1Gpulling manifest [K
pulling ac9bc7a69dab:  72% ▕█████████████     ▏ 6.5 GB/9.0 GB   95 MB/s     26s[K[?25h[?2026l[?2026h[?25l[A[1Gpulling manifest [K
pulling ac9bc7a69dab:  72% ▕█████████████     ▏ 6.5 GB/9.0 GB   95 MB/s     25s[K[?25h[?2026l[?2026h[?25l[A[1Gpulling manifest [K
pulling ac9bc7a69dab:  72% ▕█████████████     ▏ 6.5 GB/9.0 GB   95 MB/s     25s[K[?25h[?2026l[?2026h[?25l[A[1Gpulling manifest [K
pulling ac9bc7a69dab:  73% ▕█████████████     ▏ 6.5 GB/9.0 GB   95 MB/s     25s[K[?25h[?2026l[?2026h[?25l[A[1Gpulling manifest [K
pulling ac9bc7a69dab:  73% ▕█████████████     ▏ 6.5 GB/9.0 GB   95 MB/s     25s[K[?25h[?2026l[?2026h[?25l[A[1Gpulling manifest [K
pulling ac9bc7a69dab:  73% ▕█████████████     ▏ 6.5 GB/9.0 GB   95 MB/s     25s[K[?25h[?2026l[?2026h[?25l[A[1Gpulling manifest [K
pulling ac9bc7a69dab:  73% ▕█████████████     ▏ 6.6 GB/9.0 GB   95 MB/s     25s[K[?25h[?2026l[?2026h[?25l[A[1Gpulling manifest [K
pulling ac9bc7a69dab:  73% ▕█████████████     ▏ 6.6 GB/9.0 GB   95 MB/s     25s[K[?25h[?2026l[?2026h[?25l[A[1Gpulling manifest [K
pulling ac9bc7a69dab:  73% ▕█████████████     ▏ 6.6 GB/9.0 GB   95 MB/s     25s[K[?25h[?2026l[?2026h[?25l[A[1Gpulling manifest [K
pulling ac9bc7a69dab:  73% ▕█████████████     ▏ 6.6 GB/9.0 GB   96 MB/s     25s[K[?25h[?2026l[?2026h[?25l[A[1Gpulling manifest [K
pulling ac9bc7a69dab:  73% ▕█████████████     ▏ 6.6 GB/9.0 GB   96 MB/s     24s[K[?25h[?2026l[?2026h[?25l[A[1Gpulling manifest [K
pulling ac9bc7a69dab:  74% ▕█████████████     ▏ 6.6 GB/9.0 GB   96 MB/s     24s[K[?25h[?2026l[?2026h[?25l[A[1Gpulling manifest [K
pulling ac9bc7a69dab:  74% ▕█████████████     ▏ 6.6 GB/9.0 GB   96 MB/s     24s[K[?25h[?2026l[?2026h[?25l[A[1Gpulling manifest [K
pulling ac9bc7a69dab:  74% ▕█████████████     ▏ 6.6 GB/9.0 GB   96 MB/s     24s[K[?25h[?2026l[?2026h[?25l[A[1Gpulling manifest [K
pulling ac9bc7a69dab:  74% ▕█████████████     ▏ 6.6 GB/9.0 GB   96 MB/s     24s[K[?25h[?2026l[?2026h[?25l[A[1Gpulling manifest [K
pulling ac9bc7a69dab:  74% ▕█████████████     ▏ 6.7 GB/9.0 GB   96 MB/s     24s[K[?25h[?2026l[?2026h[?25l[A[1Gpulling manifest [K
pulling ac9bc7a69dab:  74% ▕█████████████     ▏ 6.7 GB/9.0 GB   96 MB/s     24s[K[?25h[?2026l[?2026h[?25l[A[1Gpulling manifest [K
pulling ac9bc7a69dab:  74% ▕█████████████     ▏ 6.7 GB/9.0 GB   96 MB/s     24s[K[?25h[?2026l[?2026h[?25l[A[1Gpulling manifest [K
pulling ac9bc7a69dab:  74% ▕█████████████     ▏ 6.7 GB/9.0 GB   96 MB/s     23s[K[?25h[?2026l[?2026h[?25l[A[1Gpulling manifest [K
pulling ac9bc7a69dab:  75% ▕█████████████     ▏ 6.7 GB/9.0 GB   97 MB/s     23s[K[?25h[?2026l[?2026h[?25l[A[1Gpulling manifest [K
pulling ac9bc7a69dab:  75% ▕█████████████     ▏ 6.7 GB/9.0 GB   97 MB/s     23s[K[?25h[?2026l[?2026h[?25l[A[1Gpulling manifest [K
pulling ac9bc7a69dab:  75% ▕█████████████     ▏ 6.7 GB/9.0 GB   97 MB/s     23s[K[?25h[?2026l[?2026h[?25l[A[1Gpulling manifest [K
pulling ac9bc7a69dab:  75% ▕█████████████     ▏ 6.7 GB/9.0 GB   97 MB/s     23s[K[?25h[?2026l[?2026h[?25l[A[1Gpulling manifest [K
pulling ac9bc7a69dab:  75% ▕█████████████     ▏ 6.7 GB/9.0 GB   97 MB/s     23s[K[?25h[?2026l[?2026h[?25l[A[1Gpulling manifest [K
pulling ac9bc7a69dab:  75% ▕█████████████     ▏ 6.7 GB/9.0 GB   97 MB/s     22s[K[?25h[?2026l[?2026h[?25l[A[1Gpulling manifest [K
pulling ac9bc7a69dab:  75% ▕█████████████     ▏ 6.8 GB/9.0 GB   97 MB/s     22s[K[?25h[?2026l[?2026h[?25l[A[1Gpulling manifest [K
pulling ac9bc7a69dab:  75% ▕█████████████     ▏ 6.8 GB/9.0 GB   97 MB/s     22s[K[?25h[?2026l[?2026h[?25l[A[1Gpulling manifest [K
pulling ac9bc7a69dab:  75% ▕█████████████     ▏ 6.8 GB/9.0 GB   97 MB/s     22s[K[?25h[?2026l[?2026h[?25l[A[1Gpulling manifest [K
pulling ac9bc7a69dab:  76% ▕█████████████     ▏ 6.8 GB/9.0 GB   97 MB/s     22s[K[?25h[?2026l[?2026h[?25l[A[1Gpulling manifest [K
pulling ac9bc7a69dab:  76% ▕█████████████     ▏ 6.8 GB/9.0 GB   98 MB/s     22s[K[?25h[?2026l[?2026h[?25l[A[1Gpulling manifest [K
pulling ac9bc7a69dab:  76% ▕█████████████     ▏ 6.8 GB/9.0 GB   98 MB/s     22s[K[?25h[?2026l[?2026h[?25l[A[1Gpulling manifest [K
pulling ac9bc7a69dab:  76% ▕█████████████     ▏ 6.8 GB/9.0 GB   98 MB/s     22s[K[?25h[?2026l[?2026h[?25l[A[1Gpulling manifest [K
pulling ac9bc7a69dab:  76% ▕█████████████     ▏ 6.8 GB/9.0 GB   98 MB/s     22s[K[?25h[?2026l[?2026h[?25l[A[1Gpulling manifest [K
pulling ac9bc7a69dab:  76% ▕█████████████     ▏ 6.8 GB/9.0 GB   98 MB/s     21s[K[?25h[?2026l[?2026h[?25l[A[1Gpulling manifest [K
pulling ac9bc7a69dab:  76% ▕█████████████     ▏ 6.8 GB/9.0 GB   98 MB/s     21s[K[?25h[?2026l[?2026h[?25l[A[1Gpulling manifest [K
pulling ac9bc7a69dab:  76% ▕█████████████     ▏ 6.8 GB/9.0 GB   98 MB/s     21s[K[?25h[?2026l[?2026h[?25l[A[1Gpulling manifest [K
pulling ac9bc7a69dab:  76% ▕█████████████     ▏ 6.9 GB/9.0 GB   98 MB/s     21s[K[?25h[?2026l[?2026h[?25l[A[1Gpulling manifest [K
pulling ac9bc7a69dab:  76% ▕█████████████     ▏ 6.9 GB/9.0 GB   98 MB/s     21s[K[?25h[?2026l[?2026h[?25l[A[1Gpulling manifest [K
pulling ac9bc7a69dab:  76% ▕█████████████     ▏ 6.9 GB/9.0 GB   98 MB/s     21s[K[?25h[?2026l[?2026h[?25l[A[1Gpulling manifest [K
pulling ac9bc7a69dab:  77% ▕█████████████     ▏ 6.9 GB/9.0 GB   98 MB/s     21s[K[?25h[?2026l[?2026h[?25l[A[1Gpulling manifest [K
pulling ac9bc7a69dab:  77% ▕█████████████     ▏ 6.9 GB/9.0 GB   98 MB/s     21s[K[?25h[?2026l[?2026h[?25l[A[1Gpulling manifest [K
pulling ac9bc7a69dab:  77% ▕█████████████     ▏ 6.9 GB/9.0 GB   98 MB/s     21s[K[?25h[?2026l[?2026h[?25l[A[1Gpulling manifest [K
pulling ac9bc7a69dab:  77% ▕█████████████     ▏ 6.9 GB/9.0 GB   98 MB/s     20s[K[?25h[?2026l[?2026h[?25l[A[1Gpulling manifest [K
pulling ac9bc7a69dab:  77% ▕█████████████     ▏ 6.9 GB/9.0 GB   98 MB/s     20s[K[?25h[?2026l[?2026h[?25l[A[1Gpulling manifest [K
pulling ac9bc7a69dab:  77% ▕█████████████     ▏ 6.9 GB/9.0 GB   98 MB/s     20s[K[?25h[?2026l[?2026h[?25l[A[1Gpulling manifest [K
pulling ac9bc7a69dab:  77% ▕█████████████     ▏ 6.9 GB/9.0 GB   98 MB/s     20s[K[?25h[?2026l[?2026h[?25l[A[1Gpulling manifest [K
pulling ac9bc7a69dab:  77% ▕█████████████     ▏ 7.0 GB/9.0 GB   98 MB/s     20s[K[?25h[?2026l[?2026h[?25l[A[1Gpulling manifest [K
pulling ac9bc7a69dab:  77% ▕█████████████     ▏ 7.0 GB/9.0 GB   98 MB/s     20s[K[?25h[?2026l[?2026h[?25l[A[1Gpulling manifest [K
pulling ac9bc7a69dab:  77% ▕█████████████     ▏ 7.0 GB/9.0 GB   98 MB/s     20s[K[?25h[?2026l[?2026h[?25l[A[1Gpulling manifest [K
pulling ac9bc7a69dab:  78% ▕█████████████     ▏ 7.0 GB/9.0 GB   98 MB/s     20s[K[?25h[?2026l[?2026h[?25l[A[1Gpulling manifest [K
pulling ac9bc7a69dab:  78% ▕█████████████     ▏ 7.0 GB/9.0 GB   98 MB/s     20s[K[?25h[?2026l[?2026h[?25l[A[1Gpulling manifest [K
pulling ac9bc7a69dab:  78% ▕██████████████    ▏ 7.0 GB/9.0 GB   98 MB/s     20s[K[?25h[?2026l[?2026h[?25l[A[1Gpulling manifest [K
pulling ac9bc7a69dab:  78% ▕██████████████    ▏ 7.0 GB/9.0 GB   98 MB/s     20s[K[?25h[?2026l[?2026h[?25l[A[1Gpulling manifest [K
pulling ac9bc7a69dab:  78% ▕██████████████    ▏ 7.0 GB/9.0 GB   98 MB/s     20s[K[?25h[?2026l[?2026h[?25l[A[1Gpulling manifest [K
pulling ac9bc7a69dab:  78% ▕██████████████    ▏ 7.0 GB/9.0 GB   98 MB/s     19s[K[?25h[?2026l[?2026h[?25l[A[1Gpulling manifest [K
pulling ac9bc7a69dab:  78% ▕██████████████    ▏ 7.0 GB/9.0 GB   98 MB/s     19s[K[?25h[?2026l[?2026h[?25l[A[1Gpulling manifest [K
pulling ac9bc7a69dab:  78% ▕██████████████    ▏ 7.0 GB/9.0 GB   98 MB/s     19s[K[?25h[?2026l[?2026h[?25l[A[1Gpulling manifest [K
pulling ac9bc7a69dab:  78% ▕██████████████    ▏ 7.0 GB/9.0 GB   98 MB/s     19s[K[?25h[?2026l[?2026h[?25l[A[1Gpulling manifest [K
pulling ac9bc7a69dab:  78% ▕██████████████    ▏ 7.1 GB/9.0 GB   98 MB/s     19s[K[?25h[?2026l[?2026h[?25l[A[1Gpulling manifest [K
pulling ac9bc7a69dab:  79% ▕██████████████    ▏ 7.1 GB/9.0 GB   98 MB/s     19s[K[?25h[?2026l[?2026h[?25l[A[1Gpulling manifest [K
pulling ac9bc7a69dab:  79% ▕██████████████    ▏ 7.1 GB/9.0 GB   97 MB/s     19s[K[?25h[?2026l[?2026h[?25l[A[1Gpulling manifest [K
pulling ac9bc7a69dab:  79% ▕██████████████    ▏ 7.1 GB/9.0 GB   97 MB/s     19s[K[?25h[?2026l[?2026h[?25l[A[1Gpulling manifest [K
pulling ac9bc7a69dab:  79% ▕██████████████    ▏ 7.1 GB/9.0 GB   97 MB/s     19s[K[?25h[?2026l[?2026h[?25l[A[1Gpulling manifest [K
pulling ac9bc7a69dab:  79% ▕██████████████    ▏ 7.1 GB/9.0 GB   97 MB/s     19s[K[?25h[?2026l[?2026h[?25l[A[1Gpulling manifest [K
pulling ac9bc7a69dab:  79% ▕██████████████    ▏ 7.1 GB/9.0 GB   97 MB/s     19s[K[?25h[?2026l[?2026h[?25l[A[1Gpulling manifest [K
pulling ac9bc7a69dab:  79% ▕██████████████    ▏ 7.1 GB/9.0 GB   97 MB/s     19s[K[?25h[?2026l[?2026h[?25l[A[1Gpulling manifest [K
pulling ac9bc7a69dab:  79% ▕██████████████    ▏ 7.1 GB/9.0 GB   97 MB/s     18s[K[?25h[?2026l[?2026h[?25l[A[1Gpulling manifest [K
pulling ac9bc7a69dab:  80% ▕██████████████    ▏ 7.1 GB/9.0 GB   97 MB/s     18s[K[?25h[?2026l[?2026h[?25l[A[1Gpulling manifest [K
pulling ac9bc7a69dab:  80% ▕██████████████    ▏ 7.2 GB/9.0 GB   97 MB/s     18s[K[?25h[?2026l[?2026h[?25l[A[1Gpulling manifest [K
pulling ac9bc7a69dab:  80% ▕██████████████    ▏ 7.2 GB/9.0 GB   97 MB/s     18s[K[?25h[?2026l[?2026h[?25l[A[1Gpulling manifest [K
pulling ac9bc7a69dab:  80% ▕██████████████    ▏ 7.2 GB/9.0 GB   98 MB/s     18s[K[?25h[?2026l[?2026h[?25l[A[1Gpulling manifest [K
pulling ac9bc7a69dab:  80% ▕██████████████    ▏ 7.2 GB/9.0 GB   98 MB/s     18s[K[?25h[?2026l[?2026h[?25l[A[1Gpulling manifest [K
pulling ac9bc7a69dab:  80% ▕██████████████    ▏ 7.2 GB/9.0 GB   98 MB/s     18s[K[?25h[?2026l[?2026h[?25l[A[1Gpulling manifest [K
pulling ac9bc7a69dab:  80% ▕██████████████    ▏ 7.2 GB/9.0 GB   98 MB/s     18s[K[?25h[?2026l[?2026h[?25l[A[1Gpulling manifest [K
pulling ac9bc7a69dab:  80% ▕██████████████    ▏ 7.2 GB/9.0 GB   98 MB/s     17s[K[?25h[?2026l[?2026h[?25l[A[1Gpulling manifest [K
pulling ac9bc7a69dab:  80% ▕██████████████    ▏ 7.2 GB/9.0 GB   98 MB/s     17s[K[?25h[?2026l[?2026h[?25l[A[1Gpulling manifest [K
pulling ac9bc7a69dab:  80% ▕██████████████    ▏ 7.2 GB/9.0 GB   98 MB/s     17s[K[?25h[?2026l[?2026h[?25l[A[1Gpulling manifest [K
pulling ac9bc7a69dab:  81% ▕██████████████    ▏ 7.2 GB/9.0 GB   98 MB/s     17s[K[?25h[?2026l[?2026h[?25l[A[1Gpulling manifest [K
pulling ac9bc7a69dab:  81% ▕██████████████    ▏ 7.2 GB/9.0 GB   98 MB/s     17s[K[?25h[?2026l[?2026h[?25l[A[1Gpulling manifest [K
pulling ac9bc7a69dab:  81% ▕██████████████    ▏ 7.3 GB/9.0 GB   98 MB/s     17s[K[?25h[?2026l[?2026h[?25l[A[1Gpulling manifest [K
pulling ac9bc7a69dab:  81% ▕██████████████    ▏ 7.3 GB/9.0 GB   97 MB/s     17s[K[?25h[?2026l[?2026h[?25l[A[1Gpulling manifest [K
pulling ac9bc7a69dab:  81% ▕██████████████    ▏ 7.3 GB/9.0 GB   97 MB/s     17s[K[?25h[?2026l[?2026h[?25l[A[1Gpulling manifest [K
pulling ac9bc7a69dab:  81% ▕██████████████    ▏ 7.3 GB/9.0 GB   97 MB/s     17s[K[?25h[?2026l[?2026h[?25l[A[1Gpulling manifest [K
pulling ac9bc7a69dab:  81% ▕██████████████    ▏ 7.3 GB/9.0 GB   97 MB/s     17s[K[?25h[?2026l[?2026h[?25l[A[1Gpulling manifest [K
pulling ac9bc7a69dab:  81% ▕██████████████    ▏ 7.3 GB/9.0 GB   97 MB/s     17s[K[?25h[?2026l[?2026h[?25l[A[1Gpulling manifest [K
pulling ac9bc7a69dab:  81% ▕██████████████    ▏ 7.3 GB/9.0 GB   97 MB/s     17s[K[?25h[?2026l[?2026h[?25l[A[1Gpulling manifest [K
pulling ac9bc7a69dab:  81% ▕██████████████    ▏ 7.3 GB/9.0 GB   97 MB/s     17s[K[?25h[?2026l[?2026h[?25l[A[1Gpulling manifest [K
pulling ac9bc7a69dab:  82% ▕██████████████    ▏ 7.3 GB/9.0 GB   97 MB/s     16s[K[?25h[?2026l[?2026h[?25l[A[1Gpulling manifest [K
pulling ac9bc7a69dab:  82% ▕██████████████    ▏ 7.3 GB/9.0 GB   97 MB/s     16s[K[?25h[?2026l[?2026h[?25l[A[1Gpulling manifest [K
pulling ac9bc7a69dab:  82% ▕██████████████    ▏ 7.3 GB/9.0 GB   97 MB/s     16s[K[?25h[?2026l[?2026h[?25l[A[1Gpulling manifest [K
pulling ac9bc7a69dab:  82% ▕██████████████    ▏ 7.4 GB/9.0 GB   97 MB/s     16s[K[?25h[?2026l[?2026h[?25l[A[1Gpulling manifest [K
pulling ac9bc7a69dab:  82% ▕██████████████    ▏ 7.4 GB/9.0 GB   97 MB/s     16s[K[?25h[?2026l[?2026h[?25l[A[1Gpulling manifest [K
pulling ac9bc7a69dab:  82% ▕██████████████    ▏ 7.4 GB/9.0 GB   97 MB/s     16s[K[?25h[?2026l[?2026h[?25l[A[1Gpulling manifest [K
pulling ac9bc7a69dab:  82% ▕██████████████    ▏ 7.4 GB/9.0 GB   97 MB/s     16s[K[?25h[?2026l[?2026h[?25l[A[1Gpulling manifest [K
pulling ac9bc7a69dab:  82% ▕██████████████    ▏ 7.4 GB/9.0 GB   97 MB/s     16s[K[?25h[?2026l[?2026h[?25l[A[1Gpulling manifest [K
pulling ac9bc7a69dab:  82% ▕██████████████    ▏ 7.4 GB/9.0 GB   97 MB/s     16s[K[?25h[?2026l[?2026h[?25l[A[1Gpulling manifest [K
pulling ac9bc7a69dab:  83% ▕██████████████    ▏ 7.4 GB/9.0 GB   97 MB/s     15s[K[?25h[?2026l[?2026h[?25l[A[1Gpulling manifest [K
pulling ac9bc7a69dab:  83% ▕██████████████    ▏ 7.4 GB/9.0 GB   97 MB/s     15s[K[?25h[?2026l[?2026h[?25l[A[1Gpulling manifest [K
pulling ac9bc7a69dab:  83% ▕██████████████    ▏ 7.4 GB/9.0 GB   97 MB/s     15s[K[?25h[?2026l[?2026h[?25l[A[1Gpulling manifest [K
pulling ac9bc7a69dab:  83% ▕██████████████    ▏ 7.5 GB/9.0 GB   97 MB/s     15s[K[?25h[?2026l[?2026h[?25l[A[1Gpulling manifest [K
pulling ac9bc7a69dab:  83% ▕██████████████    ▏ 7.5 GB/9.0 GB   99 MB/s     15s[K[?25h[?2026l[?2026h[?25l[A[1Gpulling manifest [K
pulling ac9bc7a69dab:  83% ▕██████████████    ▏ 7.5 GB/9.0 GB   99 MB/s     15s[K[?25h[?2026l[?2026h[?25l[A[1Gpulling manifest [K
pulling ac9bc7a69dab:  83% ▕██████████████    ▏ 7.5 GB/9.0 GB   99 MB/s     15s[K[?25h[?2026l[?2026h[?25l[A[1Gpulling manifest [K
pulling ac9bc7a69dab:  83% ▕███████████████   ▏ 7.5 GB/9.0 GB   99 MB/s     14s[K[?25h[?2026l[?2026h[?25l[A[1Gpulling manifest [K
pulling ac9bc7a69dab:  84% ▕███████████████   ▏ 7.5 GB/9.0 GB   99 MB/s     14s[K[?25h[?2026l[?2026h[?25l[A[1Gpulling manifest [K
pulling ac9bc7a69dab:  84% ▕███████████████   ▏ 7.5 GB/9.0 GB   99 MB/s     14s[K[?25h[?2026l[?2026h[?25l[A[1Gpulling manifest [K
pulling ac9bc7a69dab:  84% ▕███████████████   ▏ 7.5 GB/9.0 GB   99 MB/s     14s[K[?25h[?2026l[?2026h[?25l[A[1Gpulling manifest [K
pulling ac9bc7a69dab:  84% ▕███████████████   ▏ 7.5 GB/9.0 GB   99 MB/s     14s[K[?25h[?2026l[?2026h[?25l[A[1Gpulling manifest [K
pulling ac9bc7a69dab:  84% ▕███████████████   ▏ 7.6 GB/9.0 GB   99 MB/s     14s[K[?25h[?2026l[?2026h[?25l[A[1Gpulling manifest [K
pulling ac9bc7a69dab:  84% ▕███████████████   ▏ 7.6 GB/9.0 GB   99 MB/s     14s[K[?25h[?2026l[?2026h[?25l[A[1Gpulling manifest [K
pulling ac9bc7a69dab:  84% ▕███████████████   ▏ 7.6 GB/9.0 GB   99 MB/s     14s[K[?25h[?2026l[?2026h[?25l[A[1Gpulling manifest [K
pulling ac9bc7a69dab:  84% ▕███████████████   ▏ 7.6 GB/9.0 GB   98 MB/s     14s[K[?25h[?2026l[?2026h[?25l[A[1Gpulling manifest [K
pulling ac9bc7a69dab:  84% ▕███████████████   ▏ 7.6 GB/9.0 GB   98 MB/s     14s[K[?25h[?2026l[?2026h[?25l[A[1Gpulling manifest [K
pulling ac9bc7a69dab:  85% ▕███████████████   ▏ 7.6 GB/9.0 GB   98 MB/s     14s[K[?25h[?2026l[?2026h[?25l[A[1Gpulling manifest [K
pulling ac9bc7a69dab:  85% ▕███████████████   ▏ 7.6 GB/9.0 GB   98 MB/s     14s[K[?25h[?2026l[?2026h[?25l[A[1Gpulling manifest [K
pulling ac9bc7a69dab:  85% ▕███████████████   ▏ 7.6 GB/9.0 GB   98 MB/s     13s[K[?25h[?2026l[?2026h[?25l[A[1Gpulling manifest [K
pulling ac9bc7a69dab:  85% ▕███████████████   ▏ 7.6 GB/9.0 GB   98 MB/s     13s[K[?25h[?2026l[?2026h[?25l[A[1Gpulling manifest [K
pulling ac9bc7a69dab:  85% ▕███████████████   ▏ 7.6 GB/9.0 GB   98 MB/s     13s[K[?25h[?2026l[?2026h[?25l[A[1Gpulling manifest [K
pulling ac9bc7a69dab:  85% ▕███████████████   ▏ 7.7 GB/9.0 GB   98 MB/s     13s[K[?25h[?2026l[?2026h[?25l[A[1Gpulling manifest [K
pulling ac9bc7a69dab:  85% ▕███████████████   ▏ 7.7 GB/9.0 GB   98 MB/s     13s[K[?25h[?2026l[?2026h[?25l[A[1Gpulling manifest [K
pulling ac9bc7a69dab:  85% ▕███████████████   ▏ 7.7 GB/9.0 GB   98 MB/s     13s[K[?25h[?2026l[?2026h[?25l[A[1Gpulling manifest [K
pulling ac9bc7a69dab:  86% ▕███████████████   ▏ 7.7 GB/9.0 GB   99 MB/s     13s[K[?25h[?2026l[?2026h[?25l[A[1Gpulling manifest [K
pulling ac9bc7a69dab:  86% ▕███████████████   ▏ 7.7 GB/9.0 GB   99 MB/s     13s[K[?25h[?2026l[?2026h[?25l[A[1Gpulling manifest [K
pulling ac9bc7a69dab:  86% ▕███████████████   ▏ 7.7 GB/9.0 GB   99 MB/s     12s[K[?25h[?2026l[?2026h[?25l[A[1Gpulling manifest [K
pulling ac9bc7a69dab:  86% ▕███████████████   ▏ 7.7 GB/9.0 GB   99 MB/s     12s[K[?25h[?2026l[?2026h[?25l[A[1Gpulling manifest [K
pulling ac9bc7a69dab:  86% ▕███████████████   ▏ 7.7 GB/9.0 GB   99 MB/s     12s[K[?25h[?2026l[?2026h[?25l[A[1Gpulling manifest [K
pulling ac9bc7a69dab:  86% ▕███████████████   ▏ 7.7 GB/9.0 GB   99 MB/s     12s[K[?25h[?2026l[?2026h[?25l[A[1Gpulling manifest [K
pulling ac9bc7a69dab:  86% ▕███████████████   ▏ 7.8 GB/9.0 GB   99 MB/s     12s[K[?25h[?2026l[?2026h[?25l[A[1Gpulling manifest [K
pulling ac9bc7a69dab:  86% ▕███████████████   ▏ 7.8 GB/9.0 GB   99 MB/s     12s[K[?25h[?2026l[?2026h[?25l[A[1Gpulling manifest [K
pulling ac9bc7a69dab:  86% ▕███████████████   ▏ 7.8 GB/9.0 GB   99 MB/s     12s[K[?25h[?2026l[?2026h[?25l[A[1Gpulling manifest [K
pulling ac9bc7a69dab:  87% ▕███████████████   ▏ 7.8 GB/9.0 GB   99 MB/s     12s[K[?25h[?2026l[?2026h[?25l[A[1Gpulling manifest [K
pulling ac9bc7a69dab:  87% ▕███████████████   ▏ 7.8 GB/9.0 GB  100 MB/s     11s[K[?25h[?2026l[?2026h[?25l[A[1Gpulling manifest [K
pulling ac9bc7a69dab:  87% ▕███████████████   ▏ 7.8 GB/9.0 GB  100 MB/s     11s[K[?25h[?2026l[?2026h[?25l[A[1Gpulling manifest [K
pulling ac9bc7a69dab:  87% ▕███████████████   ▏ 7.8 GB/9.0 GB  100 MB/s     11s[K[?25h[?2026l[?2026h[?25l[A[1Gpulling manifest [K
pulling ac9bc7a69dab:  87% ▕███████████████   ▏ 7.8 GB/9.0 GB  100 MB/s     11s[K[?25h[?2026l[?2026h[?25l[A[1Gpulling manifest [K
pulling ac9bc7a69dab:  87% ▕███████████████   ▏ 7.8 GB/9.0 GB  100 MB/s     11s[K[?25h[?2026l[?2026h[?25l[A[1Gpulling manifest [K
pulling ac9bc7a69dab:  87% ▕███████████████   ▏ 7.8 GB/9.0 GB  100 MB/s     11s[K[?25h[?2026l[?2026h[?25l[A[1Gpulling manifest [K
pulling ac9bc7a69dab:  87% ▕███████████████   ▏ 7.9 GB/9.0 GB  100 MB/s     11s[K[?25h[?2026l[?2026h[?25l[A[1Gpulling manifest [K
pulling ac9bc7a69dab:  88% ▕███████████████   ▏ 7.9 GB/9.0 GB  100 MB/s     11s[K[?25h[?2026l[?2026h[?25l[A[1Gpulling manifest [K
pulling ac9bc7a69dab:  88% ▕███████████████   ▏ 7.9 GB/9.0 GB  100 MB/s     11s[K[?25h[?2026l[?2026h[?25l[A[1Gpulling manifest [K
pulling ac9bc7a69dab:  88% ▕███████████████   ▏ 7.9 GB/9.0 GB  100 MB/s     10s[K[?25h[?2026l[?2026h[?25l[A[1Gpulling manifest [K
pulling ac9bc7a69dab:  88% ▕███████████████   ▏ 7.9 GB/9.0 GB  102 MB/s     10s[K[?25h[?2026l[?2026h[?25l[A[1Gpulling manifest [K
pulling ac9bc7a69dab:  88% ▕███████████████   ▏ 7.9 GB/9.0 GB  102 MB/s     10s[K[?25h[?2026l[?2026h[?25l[A[1Gpulling manifest [K
pulling ac9bc7a69dab:  88% ▕███████████████   ▏ 7.9 GB/9.0 GB  102 MB/s     10s[K[?25h[?2026l[?2026h[?25l[A[1Gpulling manifest [K
pulling ac9bc7a69dab:  88% ▕███████████████   ▏ 7.9 GB/9.0 GB  102 MB/s     10s[K[?25h[?2026l[?2026h[?25l[A[1Gpulling manifest [K
pulling ac9bc7a69dab:  88% ▕███████████████   ▏ 7.9 GB/9.0 GB  102 MB/s     10s[K[?25h[?2026l[?2026h[?25l[A[1Gpulling manifest [K
pulling ac9bc7a69dab:  88% ▕███████████████   ▏ 7.9 GB/9.0 GB  102 MB/s     10s[K[?25h[?2026l[?2026h[?25l[A[1Gpulling manifest [K
pulling ac9bc7a69dab:  89% ▕███████████████   ▏ 8.0 GB/9.0 GB  102 MB/s      9s[K[?25h[?2026l[?2026h[?25l[A[1Gpulling manifest [K
pulling ac9bc7a69dab:  89% ▕███████████████   ▏ 8.0 GB/9.0 GB  102 MB/s      9s[K[?25h[?2026l[?2026h[?25l[A[1Gpulling manifest [K
pulling ac9bc7a69dab:  89% ▕███████████████   ▏ 8.0 GB/9.0 GB  102 MB/s      9s[K[?25h[?2026l[?2026h[?25l[A[1Gpulling manifest [K
pulling ac9bc7a69dab:  89% ▕███████████████   ▏ 8.0 GB/9.0 GB  102 MB/s      9s[K[?25h[?2026l[?2026h[?25l[A[1Gpulling manifest [K
pulling ac9bc7a69dab:  89% ▕███████████████   ▏ 8.0 GB/9.0 GB  102 MB/s      9s[K[?25h[?2026l[?2026h[?25l[A[1Gpulling manifest [K
pulling ac9bc7a69dab:  89% ▕████████████████  ▏ 8.0 GB/9.0 GB  102 MB/s      9s[K[?25h[?2026l[?2026h[?25l[A[1Gpulling manifest [K
pulling ac9bc7a69dab:  89% ▕████████████████  ▏ 8.0 GB/9.0 GB  102 MB/s      9s[K[?25h[?2026l[?2026h[?25l[A[1Gpulling manifest [K
pulling ac9bc7a69dab:  89% ▕████████████████  ▏ 8.0 GB/9.0 GB  102 MB/s      9s[K[?25h[?2026l[?2026h[?25l[A[1Gpulling manifest [K
pulling ac9bc7a69dab:  89% ▕████████████████  ▏ 8.0 GB/9.0 GB  102 MB/s      9s[K[?25h[?2026l[?2026h[?25l[A[1Gpulling manifest [K
pulling ac9bc7a69dab:  89% ▕████████████████  ▏ 8.0 GB/9.0 GB  102 MB/s      9s[K[?25h[?2026l[?2026h[?25l[A[1Gpulling manifest [K
pulling ac9bc7a69dab:  89% ▕████████████████  ▏ 8.0 GB/9.0 GB  102 MB/s      9s[K[?25h[?2026l[?2026h[?25l[A[1Gpulling manifest [K
pulling ac9bc7a69dab:  89% ▕████████████████  ▏ 8.0 GB/9.0 GB  102 MB/s      9s[K[?25h[?2026l[?2026h[?25l[A[1Gpulling manifest [K
pulling ac9bc7a69dab:  90% ▕████████████████  ▏ 8.1 GB/9.0 GB  102 MB/s      9s[K[?25h[?2026l[?2026h[?25l[A[1Gpulling manifest [K
pulling ac9bc7a69dab:  90% ▕████████████████  ▏ 8.1 GB/9.0 GB  102 MB/s      9s[K[?25h[?2026l[?2026h[?25l[A[1Gpulling manifest [K
pulling ac9bc7a69dab:  90% ▕████████████████  ▏ 8.1 GB/9.0 GB  102 MB/s      8s[K[?25h[?2026l[?2026h[?25l[A[1Gpulling manifest [K
pulling ac9bc7a69dab:  90% ▕████████████████  ▏ 8.1 GB/9.0 GB  100 MB/s      8s[K[?25h[?2026l[?2026h[?25l[A[1Gpulling manifest [K
pulling ac9bc7a69dab:  90% ▕████████████████  ▏ 8.1 GB/9.0 GB  100 MB/s      8s[K[?25h[?2026l[?2026h[?25l[A[1Gpulling manifest [K
pulling ac9bc7a69dab:  90% ▕████████████████  ▏ 8.1 GB/9.0 GB  100 MB/s      8s[K[?25h[?2026l[?2026h[?25l[A[1Gpulling manifest [K
pulling ac9bc7a69dab:  90% ▕████████████████  ▏ 8.1 GB/9.0 GB  100 MB/s      8s[K[?25h[?2026l[?2026h[?25l[A[1Gpulling manifest [K
pulling ac9bc7a69dab:  90% ▕████████████████  ▏ 8.1 GB/9.0 GB  100 MB/s      8s[K[?25h[?2026l[?2026h[?25l[A[1Gpulling manifest [K
pulling ac9bc7a69dab:  90% ▕████████████████  ▏ 8.1 GB/9.0 GB  100 MB/s      8s[K[?25h[?2026l[?2026h[?25l[A[1Gpulling manifest [K
pulling ac9bc7a69dab:  91% ▕████████████████  ▏ 8.1 GB/9.0 GB  100 MB/s      8s[K[?25h[?2026l[?2026h[?25l[A[1Gpulling manifest [K
pulling ac9bc7a69dab:  91% ▕████████████████  ▏ 8.2 GB/9.0 GB  100 MB/s      8s[K[?25h[?2026l[?2026h[?25l[A[1Gpulling manifest [K
pulling ac9bc7a69dab:  91% ▕████████████████  ▏ 8.2 GB/9.0 GB  100 MB/s      8s[K[?25h[?2026l[?2026h[?25l[A[1Gpulling manifest [K
pulling ac9bc7a69dab:  91% ▕████████████████  ▏ 8.2 GB/9.0 GB  100 MB/s      8s[K[?25h[?2026l[?2026h[?25l[A[1Gpulling manifest [K
pulling ac9bc7a69dab:  91% ▕████████████████  ▏ 8.2 GB/9.0 GB  101 MB/s      7s[K[?25h[?2026l[?2026h[?25l[A[1Gpulling manifest [K
pulling ac9bc7a69dab:  91% ▕████████████████  ▏ 8.2 GB/9.0 GB  101 MB/s      7s[K[?25h[?2026l[?2026h[?25l[A[1Gpulling manifest [K
pulling ac9bc7a69dab:  91% ▕████████████████  ▏ 8.2 GB/9.0 GB  101 MB/s      7s[K[?25h[?2026l[?2026h[?25l[A[1Gpulling manifest [K
pulling ac9bc7a69dab:  91% ▕████████████████  ▏ 8.2 GB/9.0 GB  101 MB/s      7s[K[?25h[?2026l[?2026h[?25l[A[1Gpulling manifest [K
pulling ac9bc7a69dab:  91% ▕████████████████  ▏ 8.2 GB/9.0 GB  101 MB/s      7s[K[?25h[?2026l[?2026h[?25l[A[1Gpulling manifest [K
pulling ac9bc7a69dab:  92% ▕████████████████  ▏ 8.2 GB/9.0 GB  101 MB/s      7s[K[?25h[?2026l[?2026h[?25l[A[1Gpulling manifest [K
pulling ac9bc7a69dab:  92% ▕████████████████  ▏ 8.2 GB/9.0 GB  101 MB/s      7s[K[?25h[?2026l[?2026h[?25l[A[1Gpulling manifest [K
pulling ac9bc7a69dab:  92% ▕████████████████  ▏ 8.2 GB/9.0 GB  101 MB/s      7s[K[?25h[?2026l[?2026h[?25l[A[1Gpulling manifest [K
pulling ac9bc7a69dab:  92% ▕████████████████  ▏ 8.3 GB/9.0 GB  101 MB/s      7s[K[?25h[?2026l[?2026h[?25l[A[1Gpulling manifest [K
pulling ac9bc7a69dab:  92% ▕████████████████  ▏ 8.3 GB/9.0 GB  101 MB/s      7s[K[?25h[?2026l[?2026h[?25l[A[1Gpulling manifest [K
pulling ac9bc7a69dab:  92% ▕████████████████  ▏ 8.3 GB/9.0 GB  102 MB/s      6s[K[?25h[?2026l[?2026h[?25l[A[1Gpulling manifest [K
pulling ac9bc7a69dab:  92% ▕████████████████  ▏ 8.3 GB/9.0 GB  102 MB/s      6s[K[?25h[?2026l[?2026h[?25l[A[1Gpulling manifest [K
pulling ac9bc7a69dab:  92% ▕████████████████  ▏ 8.3 GB/9.0 GB  102 MB/s      6s[K[?25h[?2026l[?2026h[?25l[A[1Gpulling manifest [K
pulling ac9bc7a69dab:  92% ▕████████████████  ▏ 8.3 GB/9.0 GB  102 MB/s      6s[K[?25h[?2026l[?2026h[?25l[A[1Gpulling manifest [K
pulling ac9bc7a69dab:  93% ▕████████████████  ▏ 8.3 GB/9.0 GB  102 MB/s      6s[K[?25h[?2026l[?2026h[?25l[A[1Gpulling manifest [K
pulling ac9bc7a69dab:  93% ▕████████████████  ▏ 8.3 GB/9.0 GB  102 MB/s      6s[K[?25h[?2026l[?2026h[?25l[A[1Gpulling manifest [K
pulling ac9bc7a69dab:  93% ▕████████████████  ▏ 8.3 GB/9.0 GB  102 MB/s      6s[K[?25h[?2026l[?2026h[?25l[A[1Gpulling manifest [K
pulling ac9bc7a69dab:  93% ▕████████████████  ▏ 8.4 GB/9.0 GB  102 MB/s      6s[K[?25h[?2026l[?2026h[?25l[A[1Gpulling manifest [K
pulling ac9bc7a69dab:  93% ▕████████████████  ▏ 8.4 GB/9.0 GB  102 MB/s      6s[K[?25h[?2026l[?2026h[?25l[A[1Gpulling manifest [K
pulling ac9bc7a69dab:  93% ▕████████████████  ▏ 8.4 GB/9.0 GB  102 MB/s      6s[K[?25h[?2026l[?2026h[?25l[A[1Gpulling manifest [K
pulling ac9bc7a69dab:  93% ▕████████████████  ▏ 8.4 GB/9.0 GB  101 MB/s      5s[K[?25h[?2026l[?2026h[?25l[A[1Gpulling manifest [K
pulling ac9bc7a69dab:  93% ▕████████████████  ▏ 8.4 GB/9.0 GB  101 MB/s      5s[K[?25h[?2026l[?2026h[?25l[A[1Gpulling manifest [K
pulling ac9bc7a69dab:  93% ▕████████████████  ▏ 8.4 GB/9.0 GB  101 MB/s      5s[K[?25h[?2026l[?2026h[?25l[A[1Gpulling manifest [K
pulling ac9bc7a69dab:  94% ▕████████████████  ▏ 8.4 GB/9.0 GB  101 MB/s      5s[K[?25h[?2026l[?2026h[?25l[A[1Gpulling manifest [K
pulling ac9bc7a69dab:  94% ▕████████████████  ▏ 8.4 GB/9.0 GB  101 MB/s      5s[K[?25h[?2026l[?2026h[?25l[A[1Gpulling manifest [K
pulling ac9bc7a69dab:  94% ▕████████████████  ▏ 8.4 GB/9.0 GB  101 MB/s      5s[K[?25h[?2026l[?2026h[?25l[A[1Gpulling manifest [K
pulling ac9bc7a69dab:  94% ▕████████████████  ▏ 8.4 GB/9.0 GB  101 MB/s      5s[K[?25h[?2026l[?2026h[?25l[A[1Gpulling manifest [K
pulling ac9bc7a69dab:  94% ▕████████████████  ▏ 8.5 GB/9.0 GB  101 MB/s      5s[K[?25h[?2026l[?2026h[?25l[A[1Gpulling manifest [K
pulling ac9bc7a69dab:  94% ▕████████████████  ▏ 8.5 GB/9.0 GB  101 MB/s      5s[K[?25h[?2026l[?2026h[?25l[A[1Gpulling manifest [K
pulling ac9bc7a69dab:  94% ▕████████████████  ▏ 8.5 GB/9.0 GB  101 MB/s      5s[K[?25h[?2026l[?2026h[?25l[A[1Gpulling manifest [K
pulling ac9bc7a69dab:  94% ▕████████████████  ▏ 8.5 GB/9.0 GB  101 MB/s      4s[K[?25h[?2026l[?2026h[?25l[A[1Gpulling manifest [K
pulling ac9bc7a69dab:  94% ▕█████████████████ ▏ 8.5 GB/9.0 GB  101 MB/s      4s[K[?25h[?2026l[?2026h[?25l[A[1Gpulling manifest [K
pulling ac9bc7a69dab:  95% ▕█████████████████ ▏ 8.5 GB/9.0 GB  101 MB/s      4s[K[?25h[?2026l[?2026h[?25l[A[1Gpulling manifest [K
pulling ac9bc7a69dab:  95% ▕█████████████████ ▏ 8.5 GB/9.0 GB  101 MB/s      4s[K[?25h[?2026l[?2026h[?25l[A[1Gpulling manifest [K
pulling ac9bc7a69dab:  95% ▕█████████████████ ▏ 8.5 GB/9.0 GB  101 MB/s      4s[K[?25h[?2026l[?2026h[?25l[A[1Gpulling manifest [K
pulling ac9bc7a69dab:  95% ▕█████████████████ ▏ 8.5 GB/9.0 GB  101 MB/s      4s[K[?25h[?2026l[?2026h[?25l[A[1Gpulling manifest [K
pulling ac9bc7a69dab:  95% ▕█████████████████ ▏ 8.5 GB/9.0 GB  101 MB/s      4s[K[?25h[?2026l[?2026h[?25l[A[1Gpulling manifest [K
pulling ac9bc7a69dab:  95% ▕█████████████████ ▏ 8.5 GB/9.0 GB  101 MB/s      4s[K[?25h[?2026l[?2026h[?25l[A[1Gpulling manifest [K
pulling ac9bc7a69dab:  95% ▕█████████████████ ▏ 8.6 GB/9.0 GB  101 MB/s      4s[K[?25h[?2026l[?2026h[?25l[A[1Gpulling manifest [K
pulling ac9bc7a69dab:  95% ▕█████████████████ ▏ 8.6 GB/9.0 GB  101 MB/s      4s[K[?25h[?2026l[?2026h[?25l[A[1Gpulling manifest [K
pulling ac9bc7a69dab:  95% ▕█████████████████ ▏ 8.6 GB/9.0 GB  101 MB/s      4s[K[?25h[?2026l[?2026h[?25l[A[1Gpulling manifest [K
pulling ac9bc7a69dab:  96% ▕█████████████████ ▏ 8.6 GB/9.0 GB  100 MB/s      3s[K[?25h[?2026l[?2026h[?25l[A[1Gpulling manifest [K
pulling ac9bc7a69dab:  96% ▕█████████████████ ▏ 8.6 GB/9.0 GB  100 MB/s      3s[K[?25h[?2026l[?2026h[?25l[A[1Gpulling manifest [K
pulling ac9bc7a69dab:  96% ▕█████████████████ ▏ 8.6 GB/9.0 GB  100 MB/s      3s[K[?25h[?2026l[?2026h[?25l[A[1Gpulling manifest [K
pulling ac9bc7a69dab:  96% ▕█████████████████ ▏ 8.6 GB/9.0 GB  100 MB/s      3s[K[?25h[?2026l[?2026h[?25l[A[1Gpulling manifest [K
pulling ac9bc7a69dab:  96% ▕█████████████████ ▏ 8.6 GB/9.0 GB  100 MB/s      3s[K[?25h[?2026l[?2026h[?25l[A[1Gpulling manifest [K
pulling ac9bc7a69dab:  96% ▕█████████████████ ▏ 8.6 GB/9.0 GB  100 MB/s      3s[K[?25h[?2026l[?2026h[?25l[A[1Gpulling manifest [K
pulling ac9bc7a69dab:  96% ▕█████████████████ ▏ 8.7 GB/9.0 GB  100 MB/s      3s[K[?25h[?2026l[?2026h[?25l[A[1Gpulling manifest [K
pulling ac9bc7a69dab:  96% ▕█████████████████ ▏ 8.7 GB/9.0 GB  100 MB/s      3s[K[?25h[?2026l[?2026h[?25l[A[1Gpulling manifest [K
pulling ac9bc7a69dab:  96% ▕█████████████████ ▏ 8.7 GB/9.0 GB  100 MB/s      3s[K[?25h[?2026l[?2026h[?25l[A[1Gpulling manifest [K
pulling ac9bc7a69dab:  97% ▕█████████████████ ▏ 8.7 GB/9.0 GB  100 MB/s      3s[K[?25h[?2026l[?2026h[?25l[A[1Gpulling manifest [K
pulling ac9bc7a69dab:  97% ▕█████████████████ ▏ 8.7 GB/9.0 GB   99 MB/s      3s[K[?25h[?2026l[?2026h[?25l[A[1Gpulling manifest [K
pulling ac9bc7a69dab:  97% ▕█████████████████ ▏ 8.7 GB/9.0 GB   99 MB/s      2s[K[?25h[?2026l[?2026h[?25l[A[1Gpulling manifest [K
pulling ac9bc7a69dab:  97% ▕█████████████████ ▏ 8.7 GB/9.0 GB   99 MB/s      2s[K[?25h[?2026l[?2026h[?25l[A[1Gpulling manifest [K
pulling ac9bc7a69dab:  97% ▕█████████████████ ▏ 8.7 GB/9.0 GB   99 MB/s      2s[K[?25h[?2026l[?2026h[?25l[A[1Gpulling manifest [K
pulling ac9bc7a69dab:  97% ▕█████████████████ ▏ 8.7 GB/9.0 GB   99 MB/s      2s[K[?25h[?2026l[?2026h[?25l[A[1Gpulling manifest [K
pulling ac9bc7a69dab:  97% ▕█████████████████ ▏ 8.7 GB/9.0 GB   99 MB/s      2s[K[?25h[?2026l[?2026h[?25l[A[1Gpulling manifest [K
pulling ac9bc7a69dab:  97% ▕█████████████████ ▏ 8.7 GB/9.0 GB   99 MB/s      2s[K[?25h[?2026l[?2026h[?25l[A[1Gpulling manifest [K
pulling ac9bc7a69dab:  97% ▕█████████████████ ▏ 8.7 GB/9.0 GB   99 MB/s      2s[K[?25h[?2026l[?2026h[?25l[A[1Gpulling manifest [K
pulling ac9bc7a69dab:  97% ▕█████████████████ ▏ 8.8 GB/9.0 GB   99 MB/s      2s[K[?25h[?2026l[?2026h[?25l[A[1Gpulling manifest [K
pulling ac9bc7a69dab:  98% ▕█████████████████ ▏ 8.8 GB/9.0 GB   99 MB/s      2s[K[?25h[?2026l[?2026h[?25l[A[1Gpulling manifest [K
pulling ac9bc7a69dab:  98% ▕█████████████████ ▏ 8.8 GB/9.0 GB   97 MB/s      2s[K[?25h[?2026l[?2026h[?25l[A[1Gpulling manifest [K
pulling ac9bc7a69dab:  98% ▕█████████████████ ▏ 8.8 GB/9.0 GB   97 MB/s      2s[K[?25h[?2026l[?2026h[?25l[A[1Gpulling manifest [K
pulling ac9bc7a69dab:  98% ▕█████████████████ ▏ 8.8 GB/9.0 GB   97 MB/s      1s[K[?25h[?2026l[?2026h[?25l[A[1Gpulling manifest [K
pulling ac9bc7a69dab:  98% ▕█████████████████ ▏ 8.8 GB/9.0 GB   97 MB/s      1s[K[?25h[?2026l[?2026h[?25l[A[1Gpulling manifest [K
pulling ac9bc7a69dab:  98% ▕█████████████████ ▏ 8.8 GB/9.0 GB   97 MB/s      1s[K[?25h[?2026l[?2026h[?25l[A[1Gpulling manifest [K
pulling ac9bc7a69dab:  98% ▕█████████████████ ▏ 8.8 GB/9.0 GB   97 MB/s      1s[K[?25h[?2026l[?2026h[?25l[A[1Gpulling manifest [K
pulling ac9bc7a69dab:  98% ▕█████████████████ ▏ 8.8 GB/9.0 GB   97 MB/s      1s[K[?25h[?2026l[?2026h[?25l[A[1Gpulling manifest [K
pulling ac9bc7a69dab:  98% ▕█████████████████ ▏ 8.8 GB/9.0 GB   97 MB/s      1s[K[?25h[?2026l[?2026h[?25l[A[1Gpulling manifest [K
pulling ac9bc7a69dab:  99% ▕█████████████████ ▏ 8.9 GB/9.0 GB   97 MB/s      1s[K[?25h[?2026l[?2026h[?25l[A[1Gpulling manifest [K
pulling ac9bc7a69dab:  99% ▕█████████████████ ▏ 8.9 GB/9.0 GB   97 MB/s      1s[K[?25h[?2026l[?2026h[?25l[A[1Gpulling manifest [K
pulling ac9bc7a69dab:  99% ▕█████████████████ ▏ 8.9 GB/9.0 GB   98 MB/s      1s[K[?25h[?2026l[?2026h[?25l[A[1Gpulling manifest [K
pulling ac9bc7a69dab:  99% ▕█████████████████ ▏ 8.9 GB/9.0 GB   98 MB/s      0s[K[?25h[?2026l[?2026h[?25l[A[1Gpulling manifest [K
pulling ac9bc7a69dab:  99% ▕█████████████████ ▏ 8.9 GB/9.0 GB   98 MB/s      0s[K[?25h[?2026l[?2026h[?25l[A[1Gpulling manifest [K
pulling ac9bc7a69dab:  99% ▕█████████████████ ▏ 8.9 GB/9.0 GB   98 MB/s      0s[K[?25h[?2026l[?2026h[?25l[A[1Gpulling manifest [K
pulling ac9bc7a69dab:  99% ▕█████████████████ ▏ 8.9 GB/9.0 GB   98 MB/s      0s[K[?25h[?2026l[?2026h[?25l[A[1Gpulling manifest [K
pulling ac9bc7a69dab:  99% ▕█████████████████ ▏ 8.9 GB/9.0 GB   98 MB/s      0s[K[?25h[?2026l[?2026h[?25l[A[1Gpulling manifest [K
pulling ac9bc7a69dab:  99% ▕█████████████████ ▏ 8.9 GB/9.0 GB   98 MB/s      0s[K[?25h[?2026l[?2026h[?25l[A[1Gpulling manifest [K
pulling ac9bc7a69dab: 100% ▕█████████████████ ▏ 8.9 GB/9.0 GB   98 MB/s      0s[K[?25h[?2026l[?2026h[?25l[A[1Gpulling manifest [K
pulling ac9bc7a69dab: 100% ▕█████████████████ ▏ 9.0 GB/9.0 GB   98 MB/s      0s[K[?25h[?2026l[?2026h[?25l[A[1Gpulling manifest [K
pulling ac9bc7a69dab: 100% ▕█████████████████ ▏ 9.0 GB/9.0 GB   98 MB/s      0s[K[?25h[?2026l[?2026h[?25l[A[1Gpulling manifest [K
pulling ac9bc7a69dab: 100% ▕█████████████████ ▏ 9.0 GB/9.0 GB   98 MB/s      0s[K[?25h[?2026l[?2026h[?25l[A[1Gpulling manifest [K
pulling ac9bc7a69dab: 100% ▕█████████████████ ▏ 9.0 GB/9.0 GB   98 MB/s      0s[K[?25h[?2026l[?2026h[?25l[A[1Gpulling manifest [K
pulling ac9bc7a69dab: 100% ▕█████████████████ ▏ 9.0 GB/9.0 GB   98 MB/s      0s[K[?25h[?2026l[?2026h[?25l[A[1Gpulling manifest [K
pulling ac9bc7a69dab: 100% ▕██████████████████▏ 9.0 GB                         [K[?25h[?2026l[?2026h[?25l[A[1Gpulling manifest [K
pulling ac9bc7a69dab: 100% ▕██████████████████▏ 9.0 GB                         [K[?25h[?2026l[?2026h[?25l[A[1Gpulling manifest [K
pulling ac9bc7a69dab: 100% ▕██████████████████▏ 9.0 GB                         [K[?25h[?2026l[?2026h[?25l[A[1Gpulling manifest [K
pulling ac9bc7a69dab: 100% ▕██████████████████▏ 9.0 GB                         [K
pulling 66b9ea09bd5b: 100% ▕██████████████████▏   68 B                         [K
pulling 1e65450c3067: 100% ▕██████████████████▏ 1.6 KB                         [K
pulling 832dd9e00a68: 100% ▕██████████████████▏  11 KB                         [K[?25h[?2026l[?2026h[?25l[A[A[A[A[1Gpulling manifest [K
pulling ac9bc7a69dab: 100% ▕██████████████████▏ 9.0 GB                         [K
pulling 66b9ea09bd5b: 100% ▕██████████████████▏   68 B                         [K
pulling 1e65450c3067: 100% ▕██████████████████▏ 1.6 KB                         [K
pulling 832dd9e00a68: 100% ▕██████████████████▏  11 KB                         [K[?25h[?2026l[?2026h[?25l[A[A[A[A[1Gpulling manifest [K
pulling ac9bc7a69dab: 100% ▕██████████████████▏ 9.0 GB                         [K
pulling 66b9ea09bd5b: 100% ▕██████████████████▏   68 B                         [K
pulling 1e65450c3067: 100% ▕██████████████████▏ 1.6 KB                         [K
pulling 832dd9e00a68: 100% ▕██████████████████▏  11 KB                         [K[?25h[?2026l[?2026h[?25l[A[A[A[A[1Gpulling manifest [K
pulling ac9bc7a69dab: 100% ▕██████████████████▏ 9.0 GB                         [K
pulling 66b9ea09bd5b: 100% ▕██████████████████▏   68 B                         [K
pulling 1e65450c3067: 100% ▕██████████████████▏ 1.6 KB                         [K
pulling 832dd9e00a68: 100% ▕██████████████████▏  11 KB                         [K[?25h[?2026l[?2026h[?25l[A[A[A[A[1Gpulling manifest [K
pulling ac9bc7a69dab: 100% ▕██████████████████▏ 9.0 GB                         [K
pulling 66b9ea09bd5b: 100% ▕██████████████████▏   68 B                         [K
pulling 1e65450c3067: 100% ▕██████████████████▏ 1.6 KB                         [K
pulling 832dd9e00a68: 100% ▕██████████████████▏  11 KB                         [K[?25h[?2026l[?2026h[?25l[A[A[A[A[1Gpulling manifest [K
pulling ac9bc7a69dab: 100% ▕██████████████████▏ 9.0 GB                         [K
pulling 66b9ea09bd5b: 100% ▕██████████████████▏   68 B                         [K
pulling 1e65450c3067: 100% ▕██████████████████▏ 1.6 KB                         [K
pulling 832dd9e00a68: 100% ▕██████████████████▏  11 KB                         [K[?25h[?2026l[?2026h[?25l[A[A[A[A[1Gpulling manifest [K
pulling ac9bc7a69dab: 100% ▕██████████████████▏ 9.0 GB                         [K
pulling 66b9ea09bd5b: 100% ▕██████████████████▏   68 B                         [K
pulling 1e65450c3067: 100% ▕██████████████████▏ 1.6 KB                         [K
pulling 832dd9e00a68: 100% ▕██████████████████▏  11 KB                         [K[?25h[?2026l[?2026h[?25l[A[A[A[A[1Gpulling manifest [K
pulling ac9bc7a69dab: 100% ▕██████████████████▏ 9.0 GB                         [K
pulling 66b9ea09bd5b: 100% ▕██████████████████▏   68 B                         [K
pulling 1e65450c3067: 100% ▕██████████████████▏ 1.6 KB                         [K
pulling 832dd9e00a68: 100% ▕██████████████████▏  11 KB                         [K[?25h[?2026l[?2026h[?25l[A[A[A[A[1Gpulling manifest [K
pulling ac9bc7a69dab: 100% ▕██████████████████▏ 9.0 GB                         [K
pulling 66b9ea09bd5b: 100% ▕██████████████████▏   68 B                         [K
pulling 1e65450c3067: 100% ▕██████████████████▏ 1.6 KB                         [K
pulling 832dd9e00a68: 100% ▕██████████████████▏  11 KB                         [K[?25h[?2026l[?2026h[?25l[A[A[A[A[1Gpulling manifest [K
pulling ac9bc7a69dab: 100% ▕██████████████████▏ 9.0 GB                         [K
pulling 66b9ea09bd5b: 100% ▕██████████████████▏   68 B                         [K
pulling 1e65450c3067: 100% ▕██████████████████▏ 1.6 KB                         [K
pulling 832dd9e00a68: 100% ▕██████████████████▏  11 KB                         [K[?25h[?2026l[?2026h[?25l[A[A[A[A[1Gpulling manifest [K
pulling ac9bc7a69dab: 100% ▕██████████████████▏ 9.0 GB                         [K
pulling 66b9ea09bd5b: 100% ▕██████████████████▏   68 B                         [K
pulling 1e65450c3067: 100% ▕██████████████████▏ 1.6 KB                         [K
pulling 832dd9e00a68: 100% ▕██████████████████▏  11 KB                         [K[?25h[?2026l[?2026h[?25l[A[A[A[A[1Gpulling manifest [K
pulling ac9bc7a69dab: 100% ▕██████████████████▏ 9.0 GB                         [K
pulling 66b9ea09bd5b: 100% ▕██████████████████▏   68 B                         [K
pulling 1e65450c3067: 100% ▕██████████████████▏ 1.6 KB                         [K
pulling 832dd9e00a68: 100% ▕██████████████████▏  11 KB                         [K
verifying sha256 digest ⠋ [K[?25h[?2026l[?2026h[?25l[A[A[A[A[A[1Gpulling manifest [K
pulling ac9bc7a69dab: 100% ▕██████████████████▏ 9.0 GB                         [K
pulling 66b9ea09bd5b: 100% ▕██████████████████▏   68 B                         [K
pulling 1e65450c3067: 100% ▕██████████████████▏ 1.6 KB                         [K
pulling 832dd9e00a68: 100% ▕██████████████████▏  11 KB                         [K
verifying sha256 digest ⠙ [K[?25h[?2026l[?2026h[?25l[A[A[A[A[A[1Gpulling manifest [K
pulling ac9bc7a69dab: 100% ▕██████████████████▏ 9.0 GB                         [K
pulling 66b9ea09bd5b: 100% ▕██████████████████▏   68 B                         [K
pulling 1e65450c3067: 100% ▕██████████████████▏ 1.6 KB                         [K
pulling 832dd9e00a68: 100% ▕██████████████████▏  11 KB                         [K
verifying sha256 digest ⠹ [K[?25h[?2026l[?2026h[?25l[A[A[A[A[A[1Gpulling manifest [K
pulling ac9bc7a69dab: 100% ▕██████████████████▏ 9.0 GB                         [K
pulling 66b9ea09bd5b: 100% ▕██████████████████▏   68 B                         [K
pulling 1e65450c3067: 100% ▕██████████████████▏ 1.6 KB                         [K
pulling 832dd9e00a68: 100% ▕██████████████████▏  11 KB                         [K
verifying sha256 digest ⠸ [K[?25h[?2026l[?2026h[?25l[A[A[A[A[A[1Gpulling manifest [K
pulling ac9bc7a69dab: 100% ▕██████████████████▏ 9.0 GB                         [K
pulling 66b9ea09bd5b: 100% ▕██████████████████▏   68 B                         [K
pulling 1e65450c3067: 100% ▕██████████████████▏ 1.6 KB                         [K
pulling 832dd9e00a68: 100% ▕██████████████████▏  11 KB                         [K
verifying sha256 digest ⠼ [K[?25h[?2026l[?2026h[?25l[A[A[A[A[A[1Gpulling manifest [K
pulling ac9bc7a69dab: 100% ▕██████████████████▏ 9.0 GB                         [K
pulling 66b9ea09bd5b: 100% ▕██████████████████▏   68 B                         [K
pulling 1e65450c3067: 100% ▕██████████████████▏ 1.6 KB                         [K
pulling 832dd9e00a68: 100% ▕██████████████████▏  11 KB                         [K
verifying sha256 digest ⠴ [K[?25h[?2026l[?2026h[?25l[A[A[A[A[A[1Gpulling manifest [K
pulling ac9bc7a69dab: 100% ▕██████████████████▏ 9.0 GB                         [K
pulling 66b9ea09bd5b: 100% ▕██████████████████▏   68 B                         [K
pulling 1e65450c3067: 100% ▕██████████████████▏ 1.6 KB                         [K
pulling 832dd9e00a68: 100% ▕██████████████████▏  11 KB                         [K
verifying sha256 digest ⠦ [K[?25h[?2026l[?2026h[?25l[A[A[A[A[A[1Gpulling manifest [K
pulling ac9bc7a69dab: 100% ▕██████████████████▏ 9.0 GB                         [K
pulling 66b9ea09bd5b: 100% ▕██████████████████▏   68 B                         [K
pulling 1e65450c3067: 100% ▕██████████████████▏ 1.6 KB                         [K
pulling 832dd9e00a68: 100% ▕██████████████████▏  11 KB                         [K
verifying sha256 digest ⠧ [K[?25h[?2026l[?2026h[?25l[A[A[A[A[A[1Gpulling manifest [K
pulling ac9bc7a69dab: 100% ▕██████████████████▏ 9.0 GB                         [K
pulling 66b9ea09bd5b: 100% ▕██████████████████▏   68 B                         [K
pulling 1e65450c3067: 100% ▕██████████████████▏ 1.6 KB                         [K
pulling 832dd9e00a68: 100% ▕██████████████████▏  11 KB                         [K
verifying sha256 digest ⠇ [K[?25h[?2026l[?2026h[?25l[A[A[A[A[A[1Gpulling manifest [K
pulling ac9bc7a69dab: 100% ▕██████████████████▏ 9.0 GB                         [K
pulling 66b9ea09bd5b: 100% ▕██████████████████▏   68 B                         [K
pulling 1e65450c3067: 100% ▕██████████████████▏ 1.6 KB                         [K
pulling 832dd9e00a68: 100% ▕██████████████████▏  11 KB                         [K
verifying sha256 digest ⠏ [K[?25h[?2026l[?2026h[?25l[A[A[A[A[A[1Gpulling manifest [K
pulling ac9bc7a69dab: 100% ▕██████████████████▏ 9.0 GB                         [K
pulling 66b9ea09bd5b: 100% ▕██████████████████▏   68 B                         [K
pulling 1e65450c3067: 100% ▕██████████████████▏ 1.6 KB                         [K
pulling 832dd9e00a68: 100% ▕██████████████████▏  11 KB                         [K
verifying sha256 digest ⠋ [K[?25h[?2026l[?2026h[?25l[A[A[A[A[A[1Gpulling manifest [K
pulling ac9bc7a69dab: 100% ▕██████████████████▏ 9.0 GB                         [K
pulling 66b9ea09bd5b: 100% ▕██████████████████▏   68 B                         [K
pulling 1e65450c3067: 100% ▕██████████████████▏ 1.6 KB                         [K
pulling 832dd9e00a68: 100% ▕██████████████████▏  11 KB                         [K
verifying sha256 digest ⠙ [K[?25h[?2026l[?2026h[?25l[A[A[A[A[A[1Gpulling manifest [K
pulling ac9bc7a69dab: 100% ▕██████████████████▏ 9.0 GB                         [K
pulling 66b9ea09bd5b: 100% ▕██████████████████▏   68 B                         [K
pulling 1e65450c3067: 100% ▕██████████████████▏ 1.6 KB                         [K
pulling 832dd9e00a68: 100% ▕██████████████████▏  11 KB                         [K
verifying sha256 digest ⠹ [K[?25h[?2026l[?2026h[?25l[A[A[A[A[A[1Gpulling manifest [K
pulling ac9bc7a69dab: 100% ▕██████████████████▏ 9.0 GB                         [K
pulling 66b9ea09bd5b: 100% ▕██████████████████▏   68 B                         [K
pulling 1e65450c3067: 100% ▕██████████████████▏ 1.6 KB                         [K
pulling 832dd9e00a68: 100% ▕██████████████████▏  11 KB                         [K
verifying sha256 digest ⠸ [K[?25h[?2026l[?2026h[?25l[A[A[A[A[A[1Gpulling manifest [K
pulling ac9bc7a69dab: 100% ▕██████████████████▏ 9.0 GB                         [K
pulling 66b9ea09bd5b: 100% ▕██████████████████▏   68 B                         [K
pulling 1e65450c3067: 100% ▕██████████████████▏ 1.6 KB                         [K
pulling 832dd9e00a68: 100% ▕██████████████████▏  11 KB                         [K
verifying sha256 digest ⠼ [K[?25h[?2026l[?2026h[?25l[A[A[A[A[A[1Gpulling manifest [K
pulling ac9bc7a69dab: 100% ▕██████████████████▏ 9.0 GB                         [K
pulling 66b9ea09bd5b: 100% ▕██████████████████▏   68 B                         [K
pulling 1e65450c3067: 100% ▕██████████████████▏ 1.6 KB                         [K
pulling 832dd9e00a68: 100% ▕██████████████████▏  11 KB                         [K
verifying sha256 digest ⠴ [K[?25h[?2026l[?2026h[?25l[A[A[A[A[A[1Gpulling manifest [K
pulling ac9bc7a69dab: 100% ▕██████████████████▏ 9.0 GB                         [K
pulling 66b9ea09bd5b: 100% ▕██████████████████▏   68 B                         [K
pulling 1e65450c3067: 100% ▕██████████████████▏ 1.6 KB                         [K
pulling 832dd9e00a68: 100% ▕██████████████████▏  11 KB                         [K
verifying sha256 digest ⠦ [K[?25h[?2026l[?2026h[?25l[A[A[A[A[A[1Gpulling manifest [K
pulling ac9bc7a69dab: 100% ▕██████████████████▏ 9.0 GB                         [K
pulling 66b9ea09bd5b: 100% ▕██████████████████▏   68 B                         [K
pulling 1e65450c3067: 100% ▕██████████████████▏ 1.6 KB                         [K
pulling 832dd9e00a68: 100% ▕██████████████████▏  11 KB                         [K
verifying sha256 digest ⠧ [K[?25h[?2026l[?2026h[?25l[A[A[A[A[A[1Gpulling manifest [K
pulling ac9bc7a69dab: 100% ▕██████████████████▏ 9.0 GB                         [K
pulling 66b9ea09bd5b: 100% ▕██████████████████▏   68 B                         [K
pulling 1e65450c3067: 100% ▕██████████████████▏ 1.6 KB                         [K
pulling 832dd9e00a68: 100% ▕██████████████████▏  11 KB                         [K
verifying sha256 digest ⠇ [K[?25h[?2026l[?2026h[?25l[A[A[A[A[A[1Gpulling manifest [K
pulling ac9bc7a69dab: 100% ▕██████████████████▏ 9.0 GB                         [K
pulling 66b9ea09bd5b: 100% ▕██████████████████▏   68 B                         [K
pulling 1e65450c3067: 100% ▕██████████████████▏ 1.6 KB                         [K
pulling 832dd9e00a68: 100% ▕██████████████████▏  11 KB                         [K
verifying sha256 digest ⠏ [K[?25h[?2026l[?2026h[?25l[A[A[A[A[A[1Gpulling manifest [K
pulling ac9bc7a69dab: 100% ▕██████████████████▏ 9.0 GB                         [K
pulling 66b9ea09bd5b: 100% ▕██████████████████▏   68 B                         [K
pulling 1e65450c3067: 100% ▕██████████████████▏ 1.6 KB                         [K
pulling 832dd9e00a68: 100% ▕██████████████████▏  11 KB                         [K
verifying sha256 digest ⠋ [K[?25h[?2026l[?2026h[?25l[A[A[A[A[A[1Gpulling manifest [K
pulling ac9bc7a69dab: 100% ▕██████████████████▏ 9.0 GB                         [K
pulling 66b9ea09bd5b: 100% ▕██████████████████▏   68 B                         [K
pulling 1e65450c3067: 100% ▕██████████████████▏ 1.6 KB                         [K
pulling 832dd9e00a68: 100% ▕██████████████████▏  11 KB                         [K
verifying sha256 digest ⠙ [K[?25h[?2026l[?2026h[?25l[A[A[A[A[A[1Gpulling manifest [K
pulling ac9bc7a69dab: 100% ▕██████████████████▏ 9.0 GB                         [K
pulling 66b9ea09bd5b: 100% ▕██████████████████▏   68 B                         [K
pulling 1e65450c3067: 100% ▕██████████████████▏ 1.6 KB                         [K
pulling 832dd9e00a68: 100% ▕██████████████████▏  11 KB                         [K
verifying sha256 digest ⠹ [K[?25h[?2026l[?2026h[?25l[A[A[A[A[A[1Gpulling manifest [K
pulling ac9bc7a69dab: 100% ▕██████████████████▏ 9.0 GB                         [K
pulling 66b9ea09bd5b: 100% ▕██████████████████▏   68 B                         [K
pulling 1e65450c3067: 100% ▕██████████████████▏ 1.6 KB                         [K
pulling 832dd9e00a68: 100% ▕██████████████████▏  11 KB                         [K
verifying sha256 digest ⠸ [K[?25h[?2026l[?2026h[?25l[A[A[A[A[A[1Gpulling manifest [K
pulling ac9bc7a69dab: 100% ▕██████████████████▏ 9.0 GB                         [K
pulling 66b9ea09bd5b: 100% ▕██████████████████▏   68 B                         [K
pulling 1e65450c3067: 100% ▕██████████████████▏ 1.6 KB                         [K
pulling 832dd9e00a68: 100% ▕██████████████████▏  11 KB                         [K
verifying sha256 digest ⠼ [K[?25h[?2026l[?2026h[?25l[A[A[A[A[A[1Gpulling manifest [K
pulling ac9bc7a69dab: 100% ▕██████████████████▏ 9.0 GB                         [K
pulling 66b9ea09bd5b: 100% ▕██████████████████▏   68 B                         [K
pulling 1e65450c3067: 100% ▕██████████████████▏ 1.6 KB                         [K
pulling 832dd9e00a68: 100% ▕██████████████████▏  11 KB                         [K
verifying sha256 digest ⠴ [K[?25h[?2026l[?2026h[?25l[A[A[A[A[A[1Gpulling manifest [K
pulling ac9bc7a69dab: 100% ▕██████████████████▏ 9.0 GB                         [K
pulling 66b9ea09bd5b: 100% ▕██████████████████▏   68 B                         [K
pulling 1e65450c3067: 100% ▕██████████████████▏ 1.6 KB                         [K
pulling 832dd9e00a68: 100% ▕██████████████████▏  11 KB                         [K
verifying sha256 digest ⠦ [K[?25h[?2026l[?2026h[?25l[A[A[A[A[A[1Gpulling manifest [K
pulling ac9bc7a69dab: 100% ▕██████████████████▏ 9.0 GB                         [K
pulling 66b9ea09bd5b: 100% ▕██████████████████▏   68 B                         [K
pulling 1e65450c3067: 100% ▕██████████████████▏ 1.6 KB                         [K
pulling 832dd9e00a68: 100% ▕██████████████████▏  11 KB                         [K
verifying sha256 digest ⠧ [K[?25h[?2026l[?2026h[?25l[A[A[A[A[A[1Gpulling manifest [K
pulling ac9bc7a69dab: 100% ▕██████████████████▏ 9.0 GB                         [K
pulling 66b9ea09bd5b: 100% ▕██████████████████▏   68 B                         [K
pulling 1e65450c3067: 100% ▕██████████████████▏ 1.6 KB                         [K
pulling 832dd9e00a68: 100% ▕██████████████████▏  11 KB                         [K
verifying sha256 digest ⠇ [K[?25h[?2026l[?2026h[?25l[A[A[A[A[A[1Gpulling manifest [K
pulling ac9bc7a69dab: 100% ▕██████████████████▏ 9.0 GB                         [K
pulling 66b9ea09bd5b: 100% ▕██████████████████▏   68 B                         [K
pulling 1e65450c3067: 100% ▕██████████████████▏ 1.6 KB                         [K
pulling 832dd9e00a68: 100% ▕██████████████████▏  11 KB                         [K
verifying sha256 digest ⠏ [K[?25h[?2026l[?2026h[?25l[A[A[A[A[A[1Gpulling manifest [K
pulling ac9bc7a69dab: 100% ▕██████████████████▏ 9.0 GB                         [K
pulling 66b9ea09bd5b: 100% ▕██████████████████▏   68 B                         [K
pulling 1e65450c3067: 100% ▕██████████████████▏ 1.6 KB                         [K
pulling 832dd9e00a68: 100% ▕██████████████████▏  11 KB                         [K
verifying sha256 digest ⠋ [K[?25h[?2026l[?2026h[?25l[A[A[A[A[A[1Gpulling manifest [K
pulling ac9bc7a69dab: 100% ▕██████████████████▏ 9.0 GB                         [K
pulling 66b9ea09bd5b: 100% ▕██████████████████▏   68 B                         [K
pulling 1e65450c3067: 100% ▕██████████████████▏ 1.6 KB                         [K
pulling 832dd9e00a68: 100% ▕██████████████████▏  11 KB                         [K
verifying sha256 digest [K
writing manifest [K
success [K[?25h[?2026l
